time,turbidity
2023-05-23 17:35:29+00:00,2.9777047024786043
2023-05-23 17:35:30+00:00,2.9030990963997283
2023-05-23 17:35:31+00:00,3.612651699930666
2023-05-23 17:35:32+00:00,2.4583963944496645
2023-05-23 17:35:33+00:00,2.386188825708814
2023-05-23 17:35:34+00:00,2.370468358713424
2023-05-23 17:35:35+00:00,2.9926258236946524
2023-05-23 17:35:36+00:00,2.286270603281082
2023-05-23 17:35:37+00:00,2.01555883265155
2023-05-23 17:35:38+00:00,1.907647152429945
2023-05-23 17:35:39+00:00,2.4695872353613595
2023-05-23 17:35:40+00:00,2.064585373789214
2023-05-23 17:35:41+00:00,2.4160310681404553
2023-05-23 17:35:42+00:00,2.50369265528343
2023-05-23 17:35:43+00:00,2.392050694757927
2023-05-23 17:35:44+00:00,2.510353870111885
2023-05-23 17:35:45+00:00,2.399777703958989
2023-05-23 17:35:46+00:00,2.4416101330816673
2023-05-23 17:35:47+00:00,2.364073592478235
2023-05-23 17:35:48+00:00,2.4520016282140205
2023-05-23 17:35:49+00:00,2.3355635930120116
2023-05-23 17:35:50+00:00,2.3472873311102376
2023-05-23 17:35:51+00:00,2.354214994531958
2023-05-23 17:35:52+00:00,2.3944487320959524
2023-05-23 17:35:53+00:00,2.3462215367376302
2023-05-23 17:35:54+00:00,2.3616755551397546
2023-05-23 17:35:55+00:00,-0.30760645093323546
2023-05-23 17:35:56+00:00,-19.84708113164288
2023-05-23 17:35:57+00:00,2.457597048669868
2023-05-23 17:35:58+00:00,10.906948385721535
2023-05-23 17:35:59+00:00,5.3879986760198335
2023-05-23 17:36:00+00:00,3.1634193718969073
2023-05-23 17:36:01+00:00,4.358441312128434
2023-05-23 17:36:02+00:00,4.639011680704243
2023-05-23 17:36:03+00:00,13.692401978403268
2023-05-23 17:36:04+00:00,2.5473902245580575
2023-05-23 17:36:05+00:00,2.6566341477455353
2023-05-23 17:36:06+00:00,3.295044976907775
2023-05-23 17:36:07+00:00,10.785980724436286
2023-05-23 17:36:08+00:00,21.228101089579013
2023-05-23 17:36:09+00:00,42.72650582705137
2023-05-23 17:36:10+00:00,86.49921360521921
2023-05-23 17:36:11+00:00,216.4664425725041
2023-05-23 17:36:12+00:00,256.57814668093306
2023-05-23 17:36:13+00:00,258.6218073903142
2023-05-23 17:36:14+00:00,258.9015784131111
2023-05-23 17:36:15+00:00,258.9439437394203
2023-05-23 17:36:16+00:00,258.29807234964983
2023-05-23 17:36:17+00:00,259.04332906466107
2023-05-23 17:36:18+00:00,259.8181615735116
2023-05-23 17:36:19+00:00,259.67800961351986
2023-05-23 17:36:20+00:00,259.7523487710059
2023-05-23 17:36:21+00:00,259.51387728014606
2023-05-23 17:36:22+00:00,259.6348449414313
2023-05-23 17:36:23+00:00,259.6143283997594
2023-05-23 17:36:24+00:00,259.71797690249105
2023-05-23 17:36:25+00:00,259.6782760621131
2023-05-23 17:36:26+00:00,259.6447035393776
2023-05-23 17:36:27+00:00,259.13072420321123
2023-05-23 17:36:28+00:00,253.77430813532465
2023-05-23 17:36:29+00:00,109.91205148439985
2023-05-23 17:36:30+00:00,99.75130083361273
2023-05-23 17:36:31+00:00,132.2279205056252
2023-05-23 17:36:32+00:00,279.366961954981
2023-05-23 17:36:33+00:00,65.51931782999645
2023-05-23 17:36:34+00:00,3.875636461359136
2023-05-23 17:36:35+00:00,273.19254870615623
2023-05-23 17:36:36+00:00,304.17892139673813
2023-05-23 17:36:37+00:00,303.8938214020791
2023-05-23 17:36:38+00:00,305.0129054932654
2023-05-23 17:36:39+00:00,305.2737586659491
2023-05-23 17:36:40+00:00,305.09470521135927
2023-05-23 17:36:41+00:00,393.16822187929756
2023-05-23 17:36:42+00:00,393.3392818760931
2023-05-23 17:36:43+00:00,391.7802911576332
2023-05-23 17:36:44+00:00,391.7200737755834
2023-05-23 17:36:45+00:00,364.46451428614273
2023-05-23 17:36:46+00:00,324.8318847481787
2023-05-23 17:36:47+00:00,335.10960633135437
2023-05-23 17:36:48+00:00,393.6483622441351
2023-05-23 17:36:49+00:00,381.7085343369545
2023-05-23 17:36:50+00:00,242.35965040522206
2023-05-23 17:36:51+00:00,240.85981127443893
2023-05-23 17:36:52+00:00,240.90031146059619
2023-05-23 17:36:53+00:00,240.91603192759158
2023-05-23 17:36:54+00:00,240.98744015055308
2023-05-23 17:36:55+00:00,241.00955538378366
2023-05-23 17:36:56+00:00,241.01488435564625
2023-05-23 17:36:57+00:00,241.05245360727895
2023-05-23 17:36:58+00:00,241.1161348210394
2023-05-23 17:36:59+00:00,241.1489079979956
2023-05-23 17:37:00+00:00,241.17768444605463
2023-05-23 17:37:01+00:00,241.19047397852546
2023-05-23 17:37:02+00:00,241.2341715478001
2023-05-23 17:37:03+00:00,241.23497089357988
2023-05-23 17:37:04+00:00,241.24749397745745
2023-05-23 17:37:05+00:00,241.28186584597233
2023-05-23 17:37:06+00:00,241.33115883570326
2023-05-23 17:37:07+00:00,241.3292936955513
2023-05-23 17:37:08+00:00,241.34554705973278
2023-05-23 17:37:09+00:00,241.3892446290074
2023-05-23 17:37:10+00:00,241.36553070421814
2023-05-23 17:37:11+00:00,241.3855143487035
2023-05-23 17:37:12+00:00,241.40176771288498
2023-05-23 17:37:13+00:00,241.42255070315014
2023-05-23 17:37:14+00:00,241.4398698617042
2023-05-23 17:37:15+00:00,241.47290948725322
2023-05-23 17:37:16+00:00,241.4995543465675
2023-05-23 17:37:17+00:00,241.49555761767033
2023-05-23 17:37:18+00:00,241.49422537470446
2023-05-23 17:37:19+00:00,241.51207743044506
2023-05-23 17:37:20+00:00,241.513942570597
2023-05-23 17:37:21+00:00,241.53659070101367
2023-05-23 17:37:22+00:00,241.5456499531806
2023-05-23 17:37:23+00:00,241.53552490664106
2023-05-23 17:37:24+00:00,241.56430135470055
2023-05-23 17:37:25+00:00,241.5757586442055
2023-05-23 17:37:26+00:00,241.60506798945062
2023-05-23 17:37:27+00:00,241.62878191424034
2023-05-23 17:37:28+00:00,241.6413049981179
2023-05-23 17:37:29+00:00,241.64370303545593
2023-05-23 17:37:30+00:00,241.6309135029851
2023-05-23 17:37:31+00:00,241.65063069887765
2023-05-23 17:37:32+00:00,241.66901565180433
2023-05-23 17:37:33+00:00,241.65968995104413
2023-05-23 17:37:34+00:00,241.65942350245132
2023-05-23 17:37:35+00:00,241.67727555819147
2023-05-23 17:37:36+00:00,241.68766705332382
2023-05-23 17:37:37+00:00,241.70365396891248
2023-05-23 17:37:38+00:00,241.68953219347577
2023-05-23 17:37:39+00:00,241.70152238016726
2023-05-23 17:37:40+00:00,241.68953219347577
2023-05-23 17:37:41+00:00,241.6863348103584
2023-05-23 17:37:42+00:00,241.6719465863289
2023-05-23 17:37:43+00:00,241.69592695971141
2023-05-23 17:37:44+00:00,241.70098948298119
2023-05-23 17:37:45+00:00,241.70312107172595
2023-05-23 17:37:46+00:00,241.7228382676185
2023-05-23 17:37:47+00:00,241.72710144510847
2023-05-23 17:37:48+00:00,241.72976593104022
2023-05-23 17:37:49+00:00,241.73962452898604
2023-05-23 17:37:50+00:00,241.73322976275085
2023-05-23 17:37:51+00:00,241.74095677195191
2023-05-23 17:37:52+00:00,241.76253910799642
2023-05-23 17:37:53+00:00,241.7470850895943
2023-05-23 17:37:54+00:00,241.76120686503054
2023-05-23 17:37:55+00:00,241.7593417248786
2023-05-23 17:37:56+00:00,241.78225630388852
2023-05-23 17:37:57+00:00,241.77506219187399
2023-05-23 17:37:58+00:00,241.78065761232983
2023-05-23 17:37:59+00:00,241.777460229212
2023-05-23 17:38:00+00:00,241.7742628460942
2023-05-23 17:38:01+00:00,241.8070360230504
2023-05-23 17:38:02+00:00,241.82382228441838
2023-05-23 17:38:03+00:00,241.84167434015853
2023-05-23 17:38:04+00:00,241.8478026578009
2023-05-23 17:38:05+00:00,241.83794405985464
2023-05-23 17:38:06+00:00,241.83154929361945
2023-05-23 17:38:07+00:00,241.83980920000658
2023-05-23 17:38:08+00:00,241.8454046204629
2023-05-23 17:38:09+00:00,241.84220723734506
2023-05-23 17:38:10+00:00,241.82035845270775
2023-05-23 17:38:11+00:00,241.81796041536927
2023-05-23 17:38:12+00:00,241.84966779795286
2023-05-23 17:38:13+00:00,241.8494013493596
2023-05-23 17:38:14+00:00,241.83687826548203
2023-05-23 17:38:15+00:00,241.86165798464435
2023-05-23 17:38:16+00:00,241.86938499384542
2023-05-23 17:38:17+00:00,241.84886845217352
2023-05-23 17:38:18+00:00,241.87764490023255
2023-05-23 17:38:19+00:00,241.87764490023255
2023-05-23 17:38:20+00:00,241.86938499384542
2023-05-23 17:38:21+00:00,241.8645889191689
2023-05-23 17:38:22+00:00,241.87071723681083
2023-05-23 17:38:23+00:00,241.89123377848273
2023-05-23 17:38:24+00:00,241.89922723627706
2023-05-23 17:38:25+00:00,241.88883574114425
2023-05-23 17:38:26+00:00,241.89469761019336
2023-05-23 17:38:27+00:00,241.8925660214486
2023-05-23 17:38:28+00:00,241.91521415186526
2023-05-23 17:38:29+00:00,241.91201676874743
2023-05-23 17:38:30+00:00,241.90615489969832
2023-05-23 17:38:31+00:00,241.9133490117133
2023-05-23 17:38:32+00:00,241.91148387156136
2023-05-23 17:38:33+00:00,241.91548060045852
2023-05-23 17:38:34+00:00,241.9218753666937
2023-05-23 17:38:35+00:00,241.92214181528698
2023-05-23 17:38:36+00:00,241.90189172220835
2023-05-23 17:38:37+00:00,241.9402603196204
2023-05-23 17:38:38+00:00,241.94292480555168
2023-05-23 17:38:39+00:00,241.95011891756667
2023-05-23 17:38:40+00:00,241.9618426556649
2023-05-23 17:38:41+00:00,241.94905312319406
2023-05-23 17:38:42+00:00,241.94345770273821
2023-05-23 17:38:43+00:00,241.92214181528698
2023-05-23 17:38:44+00:00,241.9375958336891
2023-05-23 17:38:45+00:00,241.95011891756667
2023-05-23 17:38:46+00:00,241.99168489809654
2023-05-23 17:38:47+00:00,241.97170125361072
2023-05-23 17:38:48+00:00,241.95891172114034
2023-05-23 17:38:49+00:00,241.9402603196204
2023-05-23 17:38:50+00:00,241.9535827492773
2023-05-23 17:38:51+00:00,241.99621452417978
2023-05-23 17:38:52+00:00,241.96797097330682
2023-05-23 17:38:53+00:00,241.94292480555168
2023-05-23 17:38:54+00:00,241.99621452417978
2023-05-23 17:38:55+00:00,241.9645071415962
2023-05-23 17:38:56+00:00,241.94958602038014
2023-05-23 17:38:57+00:00,241.9922177952826
2023-05-23 17:38:58+00:00,241.99061910372393
2023-05-23 17:38:59+00:00,241.97196770220398
2023-05-23 17:39:00+00:00,241.96797097330682
2023-05-23 17:39:01+00:00,241.98822106638545
2023-05-23 17:39:02+00:00,241.99141844950327
2023-05-23 17:39:03+00:00,241.98235919733634
2023-05-23 17:39:04+00:00,241.9703690106453
2023-05-23 17:39:05+00:00,242.00447443056692
2023-05-23 17:39:06+00:00,241.99648097277304
2023-05-23 17:39:07+00:00,241.97729667406657
2023-05-23 17:39:08+00:00,242.0201948975623
2023-05-23 17:39:09+00:00,241.98129340296373
2023-05-23 17:39:10+00:00,242.01086919680256
2023-05-23 17:39:11+00:00,242.00873760805734
2023-05-23 17:39:12+00:00,241.99701386995912
2023-05-23 17:39:13+00:00,242.0180633088171
2023-05-23 17:39:14+00:00,242.03005349550858
2023-05-23 17:39:15+00:00,241.99248424387588
2023-05-23 17:39:16+00:00,242.0023428418217
2023-05-23 17:39:17+00:00,242.01619816866514
2023-05-23 17:39:18+00:00,242.01566527147907
2023-05-23 17:39:19+00:00,242.00474087916018
2023-05-23 17:39:20+00:00,242.02898770113597
2023-05-23 17:39:21+00:00,241.99408293543456
2023-05-23 17:39:22+00:00,242.0361818131505
2023-05-23 17:39:23+00:00,242.0116685425819
2023-05-23 17:39:24+00:00,242.0324515328466
2023-05-23 17:39:25+00:00,242.01380013132712
2023-05-23 17:39:26+00:00,242.02925414972924
2023-05-23 17:39:27+00:00,242.0276554581701
2023-05-23 17:39:28+00:00,242.0492377942146
2023-05-23 17:39:29+00:00,242.031385738474
2023-05-23 17:39:30+00:00,242.06495826120954
2023-05-23 17:39:31+00:00,242.02046134615557
2023-05-23 17:39:32+00:00,242.0545667660772
2023-05-23 17:39:33+00:00,242.04737265406266
2023-05-23 17:39:34+00:00,242.04737265406266
2023-05-23 17:39:35+00:00,242.0359153645577
2023-05-23 17:39:36+00:00,242.05962928934696
2023-05-23 17:39:37+00:00,242.03378377581248
2023-05-23 17:39:38+00:00,242.06256022387151
2023-05-23 17:39:39+00:00,242.02579031801815
2023-05-23 17:39:40+00:00,242.0676227471413
2023-05-23 17:39:41+00:00,242.04524106531744
2023-05-23 17:39:42+00:00,242.05243517733197
2023-05-23 17:39:43+00:00,242.05643190622914
2023-05-23 17:39:44+00:00,242.0556325604498
2023-05-23 17:39:45+00:00,242.0662905041754
2023-05-23 17:39:46+00:00,242.0700207844793
2023-05-23 17:39:47+00:00,242.0726852704106
2023-05-23 17:39:48+00:00,242.0503035885872
2023-05-23 17:39:49+00:00,242.040977887827
2023-05-23 17:39:50+00:00,242.0782806908669
2023-05-23 17:39:51+00:00,242.0630931210576
2023-05-23 17:39:52+00:00,242.088405737406
2023-05-23 17:39:53+00:00,242.0641589154302
2023-05-23 17:39:54+00:00,242.07588265352842
2023-05-23 17:39:55+00:00,242.09773143816574
2023-05-23 17:39:56+00:00,242.0932018120825
2023-05-23 17:39:57+00:00,242.06575760698934
2023-05-23 17:39:58+00:00,242.05483321467045
2023-05-23 17:39:59+00:00,242.10199461565617
2023-05-23 17:40:00+00:00,242.0686885415139
2023-05-23 17:40:01+00:00,242.0822774197636
2023-05-23 17:40:02+00:00,242.0686885415139
2023-05-23 17:40:03+00:00,242.10252751284224
2023-05-23 17:40:04+00:00,242.0734846161904
2023-05-23 17:40:05+00:00,242.09746498957293
2023-05-23 17:40:06+00:00,242.1099880734505
2023-05-23 17:40:07+00:00,242.06815564432736
2023-05-23 17:40:08+00:00,242.1043926529942
2023-05-23 17:40:09+00:00,242.07801424227364
2023-05-23 17:40:10+00:00,242.0932018120825
2023-05-23 17:40:11+00:00,242.08281031695014
2023-05-23 17:40:12+00:00,242.10092882128356
2023-05-23 17:40:13+00:00,242.10759003611201
2023-05-23 17:40:14+00:00,242.0921360177099
2023-05-23 17:40:15+00:00,242.12437629748
2023-05-23 17:40:16+00:00,242.09080377474447
2023-05-23 17:40:17+00:00,242.12517564325935
2023-05-23 17:40:18+00:00,242.0798793824256
2023-05-23 17:40:19+00:00,242.09773143816574
2023-05-23 17:40:20+00:00,242.09613274660705
2023-05-23 17:40:21+00:00,242.1270407834113
2023-05-23 17:40:22+00:00,242.09986302691095
2023-05-23 17:40:23+00:00,242.11345190516113
2023-05-23 17:40:24+00:00,242.10732358751875
2023-05-23 17:40:25+00:00,242.1006623726903
2023-05-23 17:40:26+00:00,242.12837302637718
2023-05-23 17:40:27+00:00,242.1110538678231
2023-05-23 17:40:28+00:00,242.09719854097966
2023-05-23 17:40:29+00:00,242.13103751230847
2023-05-23 17:40:30+00:00,242.10012947550422
2023-05-23 17:40:31+00:00,242.10492555018072
2023-05-23 17:40:32+00:00,242.13983031588214
2023-05-23 17:40:33+00:00,242.09853078394553
2023-05-23 17:40:34+00:00,242.12037956858285
2023-05-23 17:40:35+00:00,242.1379651757302
2023-05-23 17:40:36+00:00,242.10359330721485
2023-05-23 17:40:37+00:00,242.12650788622477
2023-05-23 17:40:38+00:00,242.12917237215652
2023-05-23 17:40:39+00:00,242.11798153124437
2023-05-23 17:40:40+00:00,242.12144536295546
2023-05-23 17:40:41+00:00,242.11638283968568
2023-05-23 17:40:42+00:00,242.1523533997597
2023-05-23 17:40:43+00:00,242.1054584473668
2023-05-23 17:40:44+00:00,242.10332685862204
2023-05-23 17:40:45+00:00,242.1502218110145
2023-05-23 17:40:46+00:00,242.15048825960776
2023-05-23 17:40:47+00:00,242.13663293276431
2023-05-23 17:40:48+00:00,242.1027939614355
2023-05-23 17:40:49+00:00,242.11451769953374
2023-05-23 17:40:50+00:00,242.15661657724968
2023-05-23 17:40:51+00:00,242.13103751230847
2023-05-23 17:40:52+00:00,242.12384340029348
2023-05-23 17:40:53+00:00,242.11318545656786
2023-05-23 17:40:54+00:00,242.12091246576892
2023-05-23 17:40:55+00:00,242.15208695116644
2023-05-23 17:40:56+00:00,242.1515540539799
2023-05-23 17:40:57+00:00,242.1560836800636
2023-05-23 17:40:58+00:00,242.12277760592087
2023-05-23 17:40:59+00:00,242.1174486340583
2023-05-23 17:41:00+00:00,242.17739956751484
2023-05-23 17:41:01+00:00,242.1539520913184
2023-05-23 17:41:02+00:00,242.13023816652913
2023-05-23 17:41:03+00:00,242.12304405451414
2023-05-23 17:41:04+00:00,242.13849807291626
2023-05-23 17:41:05+00:00,242.1608797547401
2023-05-23 17:41:06+00:00,242.14222835322016
2023-05-23 17:41:07+00:00,242.13530068979844
2023-05-23 17:41:08+00:00,242.14169545603409
2023-05-23 17:41:09+00:00,242.16913966112725
2023-05-23 17:41:10+00:00,242.1805969506322
2023-05-23 17:41:11+00:00,242.14009676447495
2023-05-23 17:41:12+00:00,242.15661657724968
2023-05-23 17:41:13+00:00,242.1502218110145
2023-05-23 17:41:14+00:00,242.16700807238203
2023-05-23 17:41:15+00:00,242.16887321253398
2023-05-23 17:41:16+00:00,242.17979760485287
2023-05-23 17:41:17+00:00,242.1656758294166
2023-05-23 17:41:18+00:00,242.15421853991165
2023-05-23 17:41:19+00:00,242.13396844683302
2023-05-23 17:41:20+00:00,242.14542573633798
2023-05-23 17:41:21+00:00,242.14489283915145
2023-05-23 17:41:22+00:00,32.9624971314488
2023-05-23 17:41:23+00:00,4.400806638437643
2023-05-23 17:41:24+00:00,2.5082222813666704
2023-05-23 17:41:25+00:00,2.5447257386267665
2023-05-23 17:41:26+00:00,2.5788311585488373
2023-05-23 17:41:27+00:00,2.634518914514956
2023-05-23 17:41:28+00:00,2.672621063333736
2023-05-23 17:41:29+00:00,2.1924806984961833
2023-05-23 17:41:30+00:00,2.3824585454049156
2023-05-23 17:41:31+00:00,2.374465087610588
2023-05-23 17:41:32+00:00,2.4000441525518
2023-05-23 17:41:33+00:00,4.589452242380503
2023-05-23 17:41:34+00:00,7.1883918198645915
2023-05-23 17:41:35+00:00,4.316075985819225
2023-05-23 17:41:36+00:00,4.244667762857716
2023-05-23 17:41:37+00:00,4.032308234125594
2023-05-23 17:41:38+00:00,4.015255524164331
2023-05-23 17:41:39+00:00,3.9619658055366926
2023-05-23 17:41:40+00:00,3.9694263661444893
2023-05-23 17:41:41+00:00,4.013923281198913
2023-05-23 17:41:42+00:00,3.8625804802954917
2023-05-23 17:41:43+00:00,3.8543205739078985
2023-05-23 17:41:44+00:00,3.7536030057012795
2023-05-23 17:41:45+00:00,3.8156855279030424
2023-05-23 17:41:46+00:00,3.7933038460791977
2023-05-23 17:41:47+00:00,3.9233307595313818
2023-05-23 17:41:48+00:00,3.7711886128486185
2023-05-23 17:41:49+00:00,3.8188829110204097
2023-05-23 17:41:50+00:00,3.812221696191955
2023-05-23 17:41:51+00:00,3.6752671193180504
2023-05-23 17:41:52+00:00,3.70431001597035
2023-05-23 17:41:53+00:00,3.7541359028878105
2023-05-23 17:41:54+00:00,3.80103085528026
2023-05-23 17:41:55+00:00,3.793836743265274
2023-05-23 17:41:56+00:00,3.87084038668263
2023-05-23 17:41:57+00:00,13.38278871317516
2023-05-23 17:41:58+00:00,2.70592713747601
2023-05-23 17:41:59+00:00,3.0888137658180312
2023-05-23 17:42:00+00:00,2.781065640741417
2023-05-23 17:42:01+00:00,2.943332833963723
2023-05-23 17:42:02+00:00,5.204682043940011
2023-05-23 17:42:03+00:00,6.211324828821489
2023-05-23 17:42:04+00:00,6.287262677866238
2023-05-23 17:42:05+00:00,6.373059124857264
2023-05-23 17:42:06+00:00,6.478839216333654
2023-05-23 17:42:07+00:00,6.576625850015716
2023-05-23 17:42:08+00:00,6.682672390085372
2023-05-23 17:42:09+00:00,6.769534631449005
2023-05-23 17:42:10+00:00,6.916880703455263
2023-05-23 17:42:11+00:00,7.19212210016849
2023-05-23 17:42:12+00:00,8.396203292566497
2023-05-23 17:42:13+00:00,11.036708850580453
2023-05-23 17:42:14+00:00,11.96847958078979
2023-05-23 17:42:15+00:00,12.134743502908805
2023-05-23 17:42:16+00:00,12.203753688532288
2023-05-23 17:42:17+00:00,12.279957986170302
2023-05-23 17:42:18+00:00,12.314063406091918
2023-05-23 17:42:19+00:00,12.340974713999003
2023-05-23 17:42:20+00:00,12.406787516504664
2023-05-23 17:42:21+00:00,12.423840226465472
2023-05-23 17:42:22+00:00,12.464873309808809
2023-05-23 17:42:23+00:00,12.466738449960758
2023-05-23 17:42:24+00:00,12.50857087908389
2023-05-23 17:42:25+00:00,12.519761719995586
2023-05-23 17:42:26+00:00,12.522159757334066
2023-05-23 17:42:27+00:00,12.534682841211634
2023-05-23 17:42:28+00:00,12.55972900896677
2023-05-23 17:42:29+00:00,12.583442933756032
2023-05-23 17:42:30+00:00,12.581044896418007
2023-05-23 17:42:31+00:00,12.641262278467366
2023-05-23 17:42:32+00:00,12.655384053903617
2023-05-23 17:42:33+00:00,12.661778820139261
2023-05-23 17:42:34+00:00,12.654318259531465
2023-05-23 17:42:35+00:00,12.66311106310468
2023-05-23 17:42:36+00:00,12.672969661050956
2023-05-23 17:42:37+00:00,12.669505829340324
2023-05-23 17:42:38+00:00,12.72892386561034
2023-05-23 17:42:39+00:00,12.784345172983649
2023-05-23 17:42:40+00:00,12.842430966287793
2023-05-23 17:42:41+00:00,12.88639498415614
2023-05-23 17:42:42+00:00,12.950342646509398
2023-05-23 17:42:43+00:00,13.177889745050834
2023-05-23 17:42:44+00:00,13.181886473947998
2023-05-23 17:42:45+00:00,13.18535030565863
2023-05-23 17:42:46+00:00,13.214126753717665
2023-05-23 17:42:47+00:00,13.20293591280597
2023-05-23 17:42:48+00:00,13.21439320231093
2023-05-23 17:42:49+00:00,13.282337593561351
2023-05-23 17:42:50+00:00,13.392913759714247
2023-05-23 17:42:51+00:00,13.38039067583668
2023-05-23 17:42:52+00:00,13.33802534952747
2023-05-23 17:42:53+00:00,13.333229274850964
2023-05-23 17:42:54+00:00,13.345752358728532
2023-05-23 17:42:55+00:00,13.410765815454852
2023-05-23 17:42:56+00:00,13.460325253778592
2023-05-23 17:42:57+00:00,13.428884319788267
2023-05-23 17:42:58+00:00,13.362805068689795
2023-05-23 17:42:59+00:00,13.368666937738453
2023-05-23 17:43:00+00:00,13.472315440470084
2023-05-23 17:43:01+00:00,13.488302356058284
2023-05-23 17:43:02+00:00,13.476045720773982
2023-05-23 17:43:03+00:00,13.423821796518496
2023-05-23 17:43:04+00:00,13.386252544885792
2023-05-23 17:43:05+00:00,13.425420488077634
2023-05-23 17:43:06+00:00,13.481108244043753
2023-05-23 17:43:07+00:00,13.500558991342587
2023-05-23 17:43:08+00:00,13.424354693705027
2023-05-23 17:43:09+00:00,13.385186750513185
2023-05-23 17:43:10+00:00,13.415561890131357
2023-05-23 17:43:11+00:00,13.479509552484615
2023-05-23 17:43:12+00:00,13.492032636362183
2023-05-23 17:43:13+00:00,13.477910860925931
2023-05-23 17:43:14+00:00,13.41902572184199
2023-05-23 17:43:15+00:00,13.400374320322499
2023-05-23 17:43:16+00:00,13.397709834390753
2023-05-23 17:43:17+00:00,13.438742917734544
2023-05-23 17:43:18+00:00,13.486970113092866
2023-05-23 17:43:19+00:00,13.49549646807327
2023-05-23 17:43:20+00:00,13.457127870661225
2023-05-23 17:43:21+00:00,13.393446656900778
2023-05-23 17:43:22+00:00,13.389449928003614
2023-05-23 17:43:23+00:00,13.404903946405739
2023-05-23 17:43:24+00:00,13.500825439935852
2023-05-23 17:43:25+00:00,13.56024347620587
2023-05-23 17:43:26+00:00,13.597013382059231
2023-05-23 17:43:27+00:00,13.62099375544176
2023-05-23 17:43:28+00:00,13.665224221902918
2023-05-23 17:43:29+00:00,13.684674969202206
2023-05-23 17:43:30+00:00,13.729971230035972
2023-05-23 17:43:31+00:00,13.770737864786497
2023-05-23 17:43:32+00:00,13.790721509271862
2023-05-23 17:43:33+00:00,13.764343098550853
2023-05-23 17:43:34+00:00,13.731303473001844
2023-05-23 17:43:35+00:00,13.718513940531011
2023-05-23 17:43:36+00:00,13.740895622354856
2023-05-23 17:43:37+00:00,13.782195154291458
2023-05-23 17:43:38+00:00,13.811238050943757
2023-05-23 17:43:39+00:00,13.789655714899254
2023-05-23 17:43:40+00:00,13.752619360453082
2023-05-23 17:43:41+00:00,13.712918520075164
2023-05-23 17:43:42+00:00,13.727040295511415
2023-05-23 17:43:43+00:00,13.780596462732774
2023-05-23 17:43:44+00:00,13.844011227899955
2023-05-23 17:43:45+00:00,13.832287489801729
2023-05-23 17:43:46+00:00,13.768073378855206
2023-05-23 17:43:47+00:00,13.739030482202907
2023-05-23 17:43:48+00:00,13.802711695963353
2023-05-23 17:43:49+00:00,13.870656087213774
2023-05-23 17:43:50+00:00,13.877583750635495
2023-05-23 17:43:51+00:00,13.848007956797119
2023-05-23 17:43:52+00:00,13.84187963915474
2023-05-23 17:43:53+00:00,13.890639731699139
2023-05-23 17:43:54+00:00,13.949791319376345
2023-05-23 17:43:55+00:00,13.930873469263133
2023-05-23 17:43:56+00:00,13.858932349115548
2023-05-23 17:43:57+00:00,13.840813844782133
2023-05-23 17:43:58+00:00,13.890906180292404
2023-05-23 17:43:59+00:00,13.9564525342048
2023-05-23 17:44:00+00:00,13.962047954660648
2023-05-23 17:44:01+00:00,13.916485245233616
2023-05-23 17:44:02+00:00,13.846675713831246
2023-05-23 17:44:03+00:00,13.844810573679297
2023-05-23 17:44:04+00:00,13.894370012003037
2023-05-23 17:44:05+00:00,13.993222440058162
2023-05-23 17:44:06+00:00,14.001748795038566
2023-05-23 17:44:07+00:00,13.972439449793
2023-05-23 17:44:08+00:00,13.916218796640806
2023-05-23 17:44:09+00:00,13.930340572077057
2023-05-23 17:44:10+00:00,14.002281692224642
2023-05-23 17:44:11+00:00,14.030791691690865
2023-05-23 17:44:12+00:00,13.989225711160998
2023-05-23 17:44:13+00:00,13.926610291773159
2023-05-23 17:44:14+00:00,13.909291133219085
2023-05-23 17:44:15+00:00,13.94952487078308
2023-05-23 17:44:16+00:00,14.03771935511213
2023-05-23 17:44:17+00:00,14.061166831308583
2023-05-23 17:44:18+00:00,13.989225711160998
2023-05-23 17:44:19+00:00,13.901564124018023
2023-05-23 17:44:20+00:00,13.879448890787444
2023-05-23 17:44:21+00:00,13.935136646753563
2023-05-23 17:44:22+00:00,14.056104308038812
2023-05-23 17:44:23+00:00,14.078485989862656
2023-05-23 17:44:24+00:00,14.065163560205747
2023-05-23 17:44:25+00:00,14.010541598612235
2023-05-23 17:44:26+00:00,13.992955991464896
2023-05-23 17:44:27+00:00,14.038252252298662
2023-05-23 17:44:28+00:00,14.107528886514956
2023-05-23 17:44:29+00:00,14.111792064005385
2023-05-23 17:44:30+00:00,14.043048326975168
2023-05-23 17:44:31+00:00,13.9564525342048
2023-05-23 17:44:32+00:00,13.944195898920498
2023-05-23 17:44:33+00:00,13.991623748499023
2023-05-23 17:44:34+00:00,14.06676225176443
2023-05-23 17:44:35+00:00,14.094472905450857
2023-05-23 17:44:36+00:00,14.086479447656984
2023-05-23 17:44:37+00:00,14.018268607813297
2023-05-23 17:44:38+00:00,13.970041412454975
2023-05-23 17:44:39+00:00,13.999350757700086
2023-05-23 17:44:40+00:00,14.05770299959795
2023-05-23 17:44:41+00:00,14.100867671686501
2023-05-23 17:44:42+00:00,14.103798606211058
2023-05-23 17:44:43+00:00,14.096338045603261
2023-05-23 17:44:44+00:00,14.058502345377292
2023-05-23 17:44:45+00:00,14.06862739191638
2023-05-23 17:44:46+00:00,14.060367485529241
2023-05-23 17:44:47+00:00,14.137104680353332
2023-05-23 17:44:48+00:00,14.159752810770442
2023-05-23 17:44:49+00:00,14.160552156549784
2023-05-23 17:44:50+00:00,14.119252624613182
2023-05-23 17:44:51+00:00,14.056637205225343
2023-05-23 17:44:52+00:00,14.05530496225947
2023-05-23 17:44:53+00:00,14.092607765298908
2023-05-23 17:44:54+00:00,14.131509259897484
2023-05-23 17:44:55+00:00,14.144565240961128
2023-05-23 17:44:56+00:00,14.105397297769741
2023-05-23 17:44:57+00:00,14.052374027734913
2023-05-23 17:44:58+00:00,14.047045055872331
2023-05-23 17:44:59+00:00,14.063298420053798
2023-05-23 17:45:00+00:00,14.16295019388781
2023-05-23 17:45:01+00:00,14.182667389780363
2023-05-23 17:45:02+00:00,14.189861501794894
2023-05-23 17:45:03+00:00,14.143499446588976
2023-05-23 17:45:04+00:00,14.069693186288987
2023-05-23 17:45:05+00:00,14.033456177622156
2023-05-23 17:45:06+00:00,14.06916028910291
2023-05-23 17:45:07+00:00,14.130443465524877
2023-05-23 17:45:08+00:00,14.16295019388781
2023-05-23 17:45:09+00:00,14.141900755029837
2023-05-23 17:45:10+00:00,14.074489260965493
2023-05-23 17:45:11+00:00,14.009742252832893
2023-05-23 17:45:12+00:00,13.995620477396187
2023-05-23 17:45:13+00:00,14.028393654352385
2023-05-23 17:45:14+00:00,14.096071597009995
2023-05-23 17:45:15+00:00,14.156821876245886
2023-05-23 17:45:16+00:00,14.14776262407895
2023-05-23 17:45:17+00:00,14.097670288568679
2023-05-23 17:45:18+00:00,13.994288234430769
2023-05-23 17:45:19+00:00,13.97430458994495
2023-05-23 17:45:20+00:00,14.020666645151323
2023-05-23 17:45:21+00:00,14.058502345377292
2023-05-23 17:45:22+00:00,14.093407111078704
2023-05-23 17:45:23+00:00,14.070226083475518
2023-05-23 17:45:24+00:00,14.010808047205046
2023-05-23 17:45:25+00:00,13.92980767489098
2023-05-23 17:45:26+00:00,13.910356927591693
2023-05-23 17:45:27+00:00,13.937001786905512
2023-05-23 17:45:28+00:00,14.029193000131727
2023-05-23 17:45:29+00:00,14.052374027734913
2023-05-23 17:45:30+00:00,14.053972719294052
2023-05-23 17:45:31+00:00,13.991090851312947
2023-05-23 17:45:32+00:00,13.9564525342048
2023-05-23 17:45:33+00:00,13.943396553140701
2023-05-23 17:45:34+00:00,14.018268607813297
2023-05-23 17:45:35+00:00,14.113390755564069
2023-05-23 17:45:36+00:00,14.181601595407756
2023-05-23 17:45:37+00:00,14.152825147348722
2023-05-23 17:45:38+00:00,14.096604494196072
2023-05-23 17:45:39+00:00,14.040383841043877
2023-05-23 17:45:40+00:00,14.010808047205046
2023-05-23 17:45:41+00:00,14.035321317774105
2023-05-23 17:45:42+00:00,14.09127552233349
2023-05-23 17:45:43+00:00,14.143499446588976
2023-05-23 17:45:44+00:00,14.166147577005631
2023-05-23 17:45:45+00:00,14.151759352976114
2023-05-23 17:45:46+00:00,14.113390755564069
2023-05-23 17:45:47+00:00,14.057170102411419
2023-05-23 17:45:48+00:00,14.035321317774105
2023-05-23 17:45:49+00:00,14.061699728495114
2023-05-23 17:45:50+00:00,14.099268980127817
2023-05-23 17:45:51+00:00,14.175206829172566
2023-05-23 17:45:52+00:00,14.20584841738355
2023-05-23 17:45:53+00:00,14.180802249628414
2023-05-23 17:45:54+00:00,14.136571783167255
2023-05-23 17:45:55+00:00,14.068094494730303
2023-05-23 17:45:56+00:00,14.065962905985089
2023-05-23 17:45:57+00:00,14.060367485529241
2023-05-23 17:45:58+00:00,14.108328232294298
2023-05-23 17:45:59+00:00,14.168545614344112
2023-05-23 17:46:00+00:00,14.209045800500917
2023-05-23 17:46:01+00:00,14.199453651147905
2023-05-23 17:46:02+00:00,14.164815334039758
2023-05-23 17:46:03+00:00,14.112857858377538
2023-05-23 17:46:04+00:00,14.060900382715317
2023-05-23 17:46:05+00:00,14.048643747431015
2023-05-23 17:46:06+00:00,14.083548513132428
2023-05-23 17:46:07+00:00,14.123782250696422
2023-05-23 17:46:08+00:00,14.171476548868213
2023-05-23 17:46:09+00:00,14.197588510995956
2023-05-23 17:46:10+00:00,14.193325333505982
2023-05-23 17:46:11+00:00,14.182400941187097
2023-05-23 17:46:12+00:00,14.149361315637634
2023-05-23 17:46:13+00:00,14.122716456323815
2023-05-23 17:46:14+00:00,14.12245000773055
2023-05-23 17:46:15+00:00,14.12298290491708
2023-05-23 17:46:16+00:00,14.151492904382849
2023-05-23 17:46:17+00:00,14.16081860514305
2023-05-23 17:46:18+00:00,14.293510004526524
2023-05-23 17:46:19+00:00,14.303102153879536
2023-05-23 17:46:20+00:00,14.261003276163137
2023-05-23 17:46:21+00:00,14.206114865976815
2023-05-23 17:46:22+00:00,14.194924025064665
2023-05-23 17:46:23+00:00,14.493080000787813
2023-05-23 17:46:24+00:00,14.600458783823342
2023-05-23 17:46:25+00:00,14.631633269220401
2023-05-23 17:46:26+00:00,14.636962241083438
2023-05-23 17:46:27+00:00,14.64229121294602
2023-05-23 17:46:28+00:00,14.667603829294421
2023-05-23 17:46:29+00:00,14.66227485743184
2023-05-23 17:46:30+00:00,14.677195978647433
2023-05-23 17:46:31+00:00,14.667070932108345
2023-05-23 17:46:32+00:00,14.663873548990523
2023-05-23 17:46:33+00:00,14.68279139910328
2023-05-23 17:46:34+00:00,14.675330838495483
2023-05-23 17:46:35+00:00,14.672133455377661
2023-05-23 17:46:36+00:00,14.684123642069153
2023-05-23 17:46:37+00:00,14.670001866632902
2023-05-23 17:46:38+00:00,14.673465698343534
2023-05-23 17:46:39+00:00,14.672133455377661
2023-05-23 17:46:40+00:00,14.680393361765255
2023-05-23 17:46:41+00:00,14.674265044122876
2023-05-23 17:46:42+00:00,14.672399903970927
2023-05-23 17:46:43+00:00,14.683590744882622
2023-05-23 17:46:44+00:00,14.670001866632902
2023-05-23 17:46:45+00:00,14.677195978647433
2023-05-23 17:46:46+00:00,14.680926258951331
2023-05-23 17:46:47+00:00,14.681725604730673
2023-05-23 17:46:48+00:00,14.676663081461356
2023-05-23 17:46:49+00:00,14.670001866632902
2023-05-23 17:46:50+00:00,14.670001866632902
2023-05-23 17:46:51+00:00,14.669735418039636
2023-05-23 17:46:52+00:00,14.661741960245308
2023-05-23 17:46:53+00:00,14.656679436975537
2023-05-23 17:46:54+00:00,14.661741960245308
2023-05-23 17:46:55+00:00,14.659077474314017
2023-05-23 17:46:56+00:00,14.674531492716142
2023-05-23 17:46:57+00:00,14.679860464578724
2023-05-23 17:46:58+00:00,14.666271586328548
2023-05-23 17:46:59+00:00,14.65987682009336
2023-05-23 17:47:00+00:00,14.6446892502845
2023-05-23 17:47:01+00:00,14.711567847162314
2023-05-23 17:47:02+00:00,14.769387191873648
2023-05-23 17:47:03+00:00,14.812285415369388
2023-05-23 17:47:04+00:00,14.798962985712478
2023-05-23 17:47:05+00:00,14.791235976511416
2023-05-23 17:47:06+00:00,14.914868123727956
2023-05-23 17:47:07+00:00,14.99293756151792
2023-05-23 17:47:08+00:00,15.122165129190762
2023-05-23 17:47:09+00:00,15.118168400293598
2023-05-23 17:47:10+00:00,5.698944184213815
2023-05-23 17:47:11+00:00,128.55119636889094
2023-05-23 17:47:12+00:00,18.36431161051405
2023-05-23 17:47:13+00:00,2.4115014420567604
2023-05-23 17:47:14+00:00,2.740565454584157
2023-05-23 17:47:15+00:00,97.38097414904223
2023-05-23 17:47:16+00:00,7.4321922825874935
2023-05-23 17:47:17+00:00,83.19978067637066
2023-05-23 17:47:18+00:00,99.42090457811946
2023-05-23 17:47:19+00:00,98.62768711634271
2023-05-23 17:47:20+00:00,94.09592944422366
2023-05-23 17:47:21+00:00,93.86172113085377
2023-05-23 17:47:22+00:00,93.86918169146202
2023-05-23 17:47:23+00:00,94.3844932705938
2023-05-23 17:47:24+00:00,94.46922392321221
2023-05-23 17:47:25+00:00,95.8904607190193
2023-05-23 17:47:26+00:00,95.13800989199262
2023-05-23 17:47:27+00:00,95.424442129618
2023-05-23 17:47:28+00:00,95.01144681025153
2023-05-23 17:47:29+00:00,94.87395933619155
2023-05-23 17:47:30+00:00,94.90913055048577
2023-05-23 17:47:31+00:00,94.70929410563122
2023-05-23 17:47:32+00:00,94.36371028032909
2023-05-23 17:47:33+00:00,94.39728280306463
2023-05-23 17:47:34+00:00,95.03649297800666
2023-05-23 17:47:35+00:00,94.44044747515318
2023-05-23 17:47:36+00:00,93.99228094149248
2023-05-23 17:47:37+00:00,94.12390654650335
2023-05-23 17:47:38+00:00,94.01572841768848
2023-05-23 17:47:39+00:00,94.19744635821007
2023-05-23 17:47:40+00:00,94.03144888468387
2023-05-23 17:47:41+00:00,93.79004645929945
2023-05-23 17:47:42+00:00,93.87371131754526
2023-05-23 17:47:43+00:00,94.11990981760619
2023-05-23 17:47:44+00:00,94.38529261637314
2023-05-23 17:47:45+00:00,94.5225136418403
2023-05-23 17:47:46+00:00,94.47908252115849
2023-05-23 17:47:47+00:00,94.27524934740677
2023-05-23 17:47:48+00:00,94.18412392855271
2023-05-23 17:47:49+00:00,93.92726748476616
2023-05-23 17:47:50+00:00,94.01919224939957
2023-05-23 17:47:51+00:00,94.00160664225223
2023-05-23 17:47:52+00:00,94.02318897829673
2023-05-23 17:47:53+00:00,94.85610728045094
2023-05-23 17:47:54+00:00,94.06608720179202
2023-05-23 17:47:55+00:00,93.86038888788835
2023-05-23 17:47:56+00:00,19.534287382989987
2023-05-23 17:47:57+00:00,2.7291081650791966
2023-05-23 17:47:58+00:00,2.436547609811896
2023-05-23 17:47:59+00:00,2.449070693689464
2023-05-23 17:48:00+00:00,33.1359551655828
2023-05-23 17:48:01+00:00,2.6459762040199166
2023-05-23 17:48:02+00:00,32.904411338144655
2023-05-23 17:48:03+00:00,381.36081892290713
2023-05-23 17:48:04+00:00,160.79893669939656
2023-05-23 17:48:05+00:00,355.93895865145305
2023-05-23 17:48:06+00:00,4.070410382944374
2023-05-23 17:48:07+00:00,29.483744299417594
2023-05-23 17:48:08+00:00,93.64243393869992
2023-05-23 17:48:09+00:00,95.9440168862402
2023-05-23 17:48:10+00:00,97.18646667605026
2023-05-23 17:48:11+00:00,97.9748880631505
2023-05-23 17:48:12+00:00,101.98440649271606
2023-05-23 17:48:13+00:00,102.43976713839174
2023-05-23 17:48:14+00:00,102.81359451456683
2023-05-23 17:48:15+00:00,103.10508927546152
2023-05-23 17:48:16+00:00,103.35874833613025
2023-05-23 17:48:17+00:00,103.58496319170581
2023-05-23 17:48:18+00:00,103.76987851534477
2023-05-23 17:48:19+00:00,103.96278729677806
2023-05-23 17:48:20+00:00,104.11679458361277
2023-05-23 17:48:21+00:00,104.24628859987843
2023-05-23 17:48:22+00:00,104.38537476549755
2023-05-23 17:48:23+00:00,104.50101345492021
2023-05-23 17:48:24+00:00,104.61718504152896
2023-05-23 17:48:25+00:00,104.6734056946816
2023-05-23 17:48:26+00:00,4.090127578836928
2023-05-23 17:48:27+00:00,434.6230933457432
2023-05-23 17:48:28+00:00,4.16526608210188
2023-05-23 17:48:29+00:00,7.949635450464484
2023-05-23 17:48:30+00:00,240.92642342272393
2023-05-23 17:48:31+00:00,239.8936686757147
2023-05-23 17:48:32+00:00,239.70715466051706
2023-05-23 17:48:33+00:00,240.74710351954081
2023-05-23 17:48:34+00:00,240.79399847193372
2023-05-23 17:48:35+00:00,239.8926028813421
2023-05-23 17:48:36+00:00,240.68901772623667
2023-05-23 17:48:37+00:00,239.5379598038735
2023-05-23 17:48:38+00:00,240.38473343287114
2023-05-23 17:48:39+00:00,241.00982183237693
2023-05-23 17:48:40+00:00,239.88327718058235
2023-05-23 17:48:41+00:00,240.22886100588448
2023-05-23 17:48:42+00:00,240.55232959795603
2023-05-23 17:48:43+00:00,239.16093504458058
2023-05-23 17:48:44+00:00,241.9935500382485
2023-05-23 17:48:45+00:00,239.78602344408637
2023-05-23 17:48:46+00:00,244.65137475481652
2023-05-23 17:48:47+00:00,240.7990609952035
2023-05-23 17:48:48+00:00,239.43644288988708
2023-05-23 17:48:49+00:00,240.599757447535
2023-05-23 17:48:50+00:00,239.69996054850208
2023-05-23 17:48:51+00:00,240.7929326775611
2023-05-23 17:48:52+00:00,12.610354241663117
2023-05-23 17:48:53+00:00,4.63554784899361
2023-05-23 17:48:54+00:00,4.382155236917697
2023-05-23 17:48:55+00:00,3.914005058771181
2023-05-23 17:48:56+00:00,3.5279210473122475
2023-05-23 17:48:57+00:00,3.0624353550970227
2023-05-23 17:48:58+00:00,2.763480033594533
2023-05-23 17:48:59+00:00,2.70379554873125
2023-05-23 17:49:00+00:00,2.687542184549784
2023-05-23 17:49:01+00:00,2.6382491948188544
2023-05-23 17:49:02+00:00,2.6158675129950097
2023-05-23 17:49:03+00:00,2.5838936818181537
2023-05-23 17:49:04+00:00,2.5846930275974955
2023-05-23 17:49:05+00:00,2.603344429117442
2023-05-23 17:49:06+00:00,2.547123775964792
2023-05-23 17:49:07+00:00,3.070695261484616
2023-05-23 17:49:08+00:00,16.91642995539314
2023-05-23 17:49:09+00:00,252.0181454579415
2023-05-23 17:49:10+00:00,240.73164950113915
2023-05-23 17:49:11+00:00,242.88695217104532
2023-05-23 17:49:12+00:00,242.02925414972924
2023-05-23 17:49:13+00:00,240.15398895121234
2023-05-23 17:49:14+00:00,241.21338855753538
2023-05-23 17:49:15+00:00,241.33089238711
2023-05-23 17:49:16+00:00,241.53286042070977
2023-05-23 17:49:17+00:00,242.3846965729772
2023-05-23 17:49:18+00:00,240.49584249621057
2023-05-23 17:49:19+00:00,242.35432143335947
2023-05-23 17:49:20+00:00,241.80090770540846
2023-05-23 17:49:21+00:00,242.41880199289926
2023-05-23 17:49:22+00:00,241.79717742510456
2023-05-23 17:49:23+00:00,241.5483144391119
2023-05-23 17:49:24+00:00,241.39910322695368
2023-05-23 17:49:25+00:00,241.95944461832642
2023-05-23 17:49:26+00:00,242.4878121785223
2023-05-23 17:49:27+00:00,240.93974585238084
2023-05-23 17:49:28+00:00,241.8699178910315
2023-05-23 17:49:29+00:00,241.4582548146309
2023-05-23 17:49:30+00:00,244.3241758824406
2023-05-23 17:49:31+00:00,240.94907155314104
2023-05-23 17:49:32+00:00,241.4182875256597
2023-05-23 17:49:33+00:00,8.681036838632735
2023-05-23 17:49:34+00:00,19.294750097757515
2023-05-23 17:49:35+00:00,48.157261052423564
2023-05-23 17:49:36+00:00,10.406291479212086
2023-05-23 17:49:37+00:00,3.116524419504458
2023-05-23 17:49:38+00:00,2.849809377771635
2023-05-23 17:49:39+00:00,22.06927929812082
2023-05-23 17:49:40+00:00,41.262370807748994
2023-05-23 17:49:41+00:00,42.98362871943118
2023-05-23 17:49:42+00:00,43.23568908854122
2023-05-23 17:49:43+00:00,43.5090653451025
2023-05-23 17:49:44+00:00,43.570881418711
2023-05-23 17:49:45+00:00,43.90394216013556
2023-05-23 17:49:46+00:00,44.08539365206343
2023-05-23 17:49:47+00:00,44.27776953631064
2023-05-23 17:49:48+00:00,44.440036729532494
2023-05-23 17:49:49+00:00,44.59111308184265
2023-05-23 17:49:50+00:00,44.73019924746177
2023-05-23 17:49:51+00:00,44.85995971232069
2023-05-23 17:49:52+00:00,44.98066092501267
2023-05-23 17:49:53+00:00,45.08937195101362
2023-05-23 17:49:54+00:00,45.19675073404915
2023-05-23 17:49:55+00:00,45.28281362963298
2023-05-23 17:49:56+00:00,45.36301465616816
2023-05-23 17:49:57+00:00,45.415771477609724
2023-05-23 17:49:58+00:00,45.46346577578197
2023-05-23 17:49:59+00:00,45.55219315729755
2023-05-23 17:50:00+00:00,45.58763082018504
2023-05-23 17:50:01+00:00,45.641186987405945
2023-05-23 17:50:02+00:00,45.655042314249386
2023-05-23 17:50:03+00:00,45.68888128557819
2023-05-23 17:50:04+00:00,45.79066464815742
2023-05-23 17:50:05+00:00,45.88658614168753
2023-05-23 17:50:06+00:00,45.821572684961666
2023-05-23 17:50:07+00:00,45.778408012873115
2023-05-23 17:50:08+00:00,45.848750441462016
2023-05-23 17:50:09+00:00,45.843687918192245
2023-05-23 17:50:10+00:00,45.85727679644242
2023-05-23 17:50:11+00:00,45.895645393854466
2023-05-23 17:50:12+00:00,45.93854361734975
2023-05-23 17:50:13+00:00,45.946803523737344
2023-05-23 17:50:14+00:00,45.86420445986414
2023-05-23 17:50:15+00:00,45.82743455401078
2023-05-23 17:50:16+00:00,45.850615581613965
2023-05-23 17:50:17+00:00,45.82823389979012
2023-05-23 17:50:18+00:00,45.8015890404763
2023-05-23 17:50:19+00:00,45.781072498804406
2023-05-23 17:50:20+00:00,45.68301941652908
2023-05-23 17:50:21+00:00,45.63798960428858
2023-05-23 17:50:22+00:00,45.65131203394549
2023-05-23 17:50:23+00:00,45.663835117823055
2023-05-23 17:50:24+00:00,45.66623315516108
2023-05-23 17:50:25+00:00,45.714993247705934
2023-05-23 17:50:26+00:00,50.0501118580878
2023-05-23 17:50:27+00:00,50.23795811625132
2023-05-23 17:50:28+00:00,51.32560127344732
2023-05-23 17:50:29+00:00,62.40453377619406
2023-05-23 17:50:30+00:00,33.859895993143255
2023-05-23 17:50:31+00:00,40.36257390871651
2023-05-23 17:50:32+00:00,73.34358076754233
2023-05-23 17:50:33+00:00,101.17866594706175
2023-05-23 17:50:34+00:00,76.04883333368889
2023-05-23 17:50:35+00:00,34.36268448839792
2023-05-23 17:50:36+00:00,18.82020515337581
2023-05-23 17:50:37+00:00,50.88889202929158
2023-05-23 17:50:38+00:00,96.9029653729499
2023-05-23 17:50:39+00:00,105.23614512339236
2023-05-23 17:50:40+00:00,70.75902941408776
2023-05-23 17:50:41+00:00,24.408431497293805
2023-05-23 17:50:42+00:00,13.350548433405038
2023-05-23 17:50:43+00:00,47.215898172861216
2023-05-23 17:50:44+00:00,94.3844932705938
2023-05-23 17:50:45+00:00,115.61591651774052
2023-05-23 17:50:46+00:00,82.5216690068305
2023-05-23 17:50:47+00:00,34.97498335543287
2023-05-23 17:50:48+00:00,0.961754646783902
2023-05-23 17:50:49+00:00,28.627644969660196
2023-05-23 17:50:50+00:00,78.1351258179725
2023-05-23 17:50:51+00:00,122.58887620020505
2023-05-23 17:50:52+00:00,102.87061451349837
2023-05-23 17:50:53+00:00,58.503726372629444
2023-05-23 17:50:54+00:00,5.847622499185945
2023-05-23 17:50:55+00:00,8.626148428445958
2023-05-23 17:50:56+00:00,49.62086317453986
2023-05-23 17:50:57+00:00,101.60338500452644
2023-05-23 17:50:58+00:00,124.54674046259515
2023-05-23 17:50:59+00:00,94.71302438593511
2023-05-23 17:51:00+00:00,44.88367363710995
2023-05-23 17:51:01+00:00,0.27911335116050395
2023-05-23 17:51:02+00:00,8.061543859583253
2023-05-23 17:51:03+00:00,48.61342104387859
2023-05-23 17:51:04+00:00,99.62127392016055
2023-05-23 17:51:05+00:00,126.3290151021065
2023-05-23 17:51:06+00:00,99.1571204709112
2023-05-23 17:51:07+00:00,53.649033005624915
2023-05-23 17:51:08+00:00,2.765611622339293
2023-05-23 17:51:09+00:00,-7.76630191869117
2023-05-23 17:51:10+00:00,28.68759590311629
2023-05-23 17:51:11+00:00,76.19005108805322
2023-05-23 17:51:12+00:00,120.54148521052002
2023-05-23 17:51:13+00:00,114.02495196810378
2023-05-23 17:51:14+00:00,80.83025333757996
2023-05-23 17:51:15+00:00,127.82539040117854
2023-05-23 17:51:16+00:00,103.56577889299979
2023-05-23 17:51:17+00:00,113.79687197237627
2023-05-23 17:51:18+00:00,236.6456603253423
2023-05-23 17:51:19+00:00,314.20245102205854
2023-05-23 17:51:20+00:00,334.2524412072239
2023-05-23 17:51:21+00:00,317.94418861551867
2023-05-23 17:51:22+00:00,287.49977236338236
2023-05-23 17:51:23+00:00,269.3319750401556
2023-05-23 17:51:24+00:00,307.8484514214574
2023-05-23 17:51:25+00:00,288.3827830010473
2023-05-23 17:51:26+00:00,318.62150093927994
2023-05-23 17:51:27+00:00,289.41393905649784
2023-05-23 17:51:28+00:00,313.2280485169472
2023-05-23 17:51:29+00:00,302.4467390927375
2023-05-23 17:51:30+00:00,295.47111492434124
2023-05-23 17:51:31+00:00,327.93361282091746
2023-05-23 17:51:32+00:00,275.66892193079593
2023-05-23 17:51:33+00:00,323.12181767740867
2023-05-23 17:51:34+00:00,318.7837681325018
2023-05-23 17:51:35+00:00,277.02168143816607
2023-05-23 17:51:36+00:00,319.2218096196234
2023-05-23 17:51:37+00:00,333.18584748888634
2023-05-23 17:51:38+00:00,294.29660952578206
2023-05-23 17:51:39+00:00,283.02556758738183
2023-05-23 17:51:40+00:00,311.72927518053666
2023-05-23 17:51:41+00:00,343.37457524195315
2023-05-23 17:51:42+00:00,340.4585618386327
2023-05-23 17:51:43+00:00,318.3467924397528
2023-05-23 17:51:44+00:00,295.1348567997993
2023-05-23 17:51:45+00:00,281.02720313883447
2023-05-23 17:51:46+00:00,282.8329252545418
2023-05-23 17:51:47+00:00,285.22483427515635
2023-05-23 17:51:48+00:00,285.867508281809
2023-05-23 17:51:49+00:00,284.70419372416154
2023-05-23 17:51:50+00:00,282.673056098658
2023-05-23 17:51:51+00:00,284.51821260615
2023-05-23 17:51:52+00:00,298.1659759953559
2023-05-23 17:51:53+00:00,318.98333812876353
2023-05-23 17:51:54+00:00,344.51657391214985
2023-05-23 17:51:55+00:00,355.5701937985482
2023-05-23 17:51:56+00:00,317.67694067659977
2023-05-23 17:51:57+00:00,285.32475249758363
2023-05-23 17:51:58+00:00,323.33844038363077
2023-05-23 17:51:59+00:00,360.74302678576123
2023-05-23 17:52:00+00:00,336.9920656418858
2023-05-23 17:52:01+00:00,327.8121122624457
2023-05-23 17:52:02+00:00,321.7245612549841
2023-05-23 17:52:03+00:00,302.1027539589941
2023-05-23 17:52:04+00:00,270.281064928919
2023-05-23 17:52:05+00:00,184.58506905756576
2023-05-23 17:52:06+00:00,46.03792894259095
2023-05-23 17:52:07+00:00,1.193831371408578
2023-05-23 17:52:08+00:00,16.498638561350162
2023-05-23 17:52:09+00:00,77.08318677225725
2023-05-23 17:52:10+00:00,143.00843058405508
2023-05-23 17:52:11+00:00,201.12433257952353
2023-05-23 17:52:12+00:00,201.6247230374397
2023-05-23 17:52:13+00:00,155.78277548494952
2023-05-23 17:52:14+00:00,92.72158760080947
2023-05-23 17:52:15+00:00,28.868514497858087
2023-05-23 17:52:16+00:00,-27.461382577794666
2023-05-23 17:52:17+00:00,-22.441757531636995
2023-05-23 17:52:18+00:00,20.738102126795184
2023-05-23 17:52:19+00:00,73.71554300356502
2023-05-23 17:52:20+00:00,132.8506108677925
2023-05-23 17:52:21+00:00,195.1894566159308
2023-05-23 17:52:22+00:00,207.64006647616043
2023-05-23 17:52:23+00:00,172.36067405291215
2023-05-23 17:52:24+00:00,119.2199001885474
2023-05-23 17:52:25+00:00,61.308630712610466
2023-05-23 17:52:26+00:00,10.550173719507256
2023-05-23 17:52:27+00:00,-2.011545204061349
2023-05-23 17:52:28+00:00,7.9251221798958795
2023-05-23 17:52:29+00:00,62.44077078486089
2023-05-23 17:52:30+00:00,105.71228875933275
2023-05-23 17:52:31+00:00,167.28935797968506
2023-05-23 17:52:32+00:00,227.15076470881104
2023-05-23 17:52:33+00:00,219.4578609276832
2023-05-23 17:52:34+00:00,179.79432335291494
2023-05-23 17:52:35+00:00,128.99669841662035
2023-05-23 17:52:36+00:00,73.91884328013066
2023-05-23 17:52:37+00:00,14.369447853571273
2023-05-23 17:52:38+00:00,-4.67203440656067
2023-05-23 17:52:39+00:00,20.07304643831867
2023-05-23 17:52:40+00:00,65.45590306482927
2023-05-23 17:52:41+00:00,111.2986499630988
2023-05-23 17:52:42+00:00,165.1551047486364
2023-05-23 17:52:43+00:00,214.97406400232921
2023-05-23 17:52:44+00:00,214.23706719370466
2023-05-23 17:52:45+00:00,185.07000549708027
2023-05-23 17:52:46+00:00,133.17514525423667
2023-05-23 17:52:47+00:00,79.5361125207005
2023-05-23 17:52:48+00:00,19.024038327127528
2023-05-23 17:52:49+00:00,-19.625662350743823
2023-05-23 17:52:50+00:00,-4.543872633260435
2023-05-23 17:52:51+00:00,28.789112817102705
2023-05-23 17:52:52+00:00,87.04649901552784
2023-05-23 17:52:53+00:00,140.94745071611987
2023-05-23 17:52:54+00:00,194.9456561532079
2023-05-23 17:52:55+00:00,224.4367193390908
2023-05-23 17:52:56+00:00,201.22558304491622
2023-05-23 17:52:57+00:00,155.0500418538154
2023-05-23 17:52:58+00:00,96.52594061365744
2023-05-23 17:52:59+00:00,42.492563962274744
2023-05-23 17:53:00+00:00,-9.903219635671576
2023-05-23 17:53:01+00:00,-4.0922422678886505
2023-05-23 17:53:02+00:00,29.96894718752492
2023-05-23 17:53:03+00:00,81.79612948771137
2023-05-23 17:53:04+00:00,140.1238581147254
2023-05-23 17:53:05+00:00,197.58962554293294
2023-05-23 17:53:06+00:00,227.45185161905874
2023-05-23 17:53:07+00:00,208.37679683619126
2023-05-23 17:53:08+00:00,163.72107842035894
2023-05-23 17:53:09+00:00,102.23087144137025
2023-05-23 17:53:10+00:00,32.058703503519155
2023-05-23 17:53:11+00:00,-12.847743038457793
2023-05-23 17:53:12+00:00,5.9731197865544345
2023-05-23 17:53:13+00:00,48.83990234804742
2023-05-23 17:53:14+00:00,102.96253927813177
2023-05-23 17:53:15+00:00,161.07817482500695
2023-05-23 17:53:16+00:00,218.4861229085027
2023-05-23 17:53:17+00:00,222.2305249878941
2023-05-23 17:53:18+00:00,187.48376330233214
2023-05-23 17:53:19+00:00,135.09837119951862
2023-05-23 17:53:20+00:00,74.20820645228014
2023-05-23 17:53:21+00:00,15.843974368006002
2023-05-23 17:53:22+00:00,-12.423823326772435
2023-05-23 17:53:23+00:00,13.937801132684854
2023-05-23 17:53:24+00:00,61.28784772234576
2023-05-23 17:53:25+00:00,118.35767254114762
2023-05-23 17:53:26+00:00,177.5902605904639
2023-05-23 17:53:27+00:00,222.97871263743036
2023-05-23 17:53:28+00:00,215.33057221994977
2023-05-23 17:53:29+00:00,177.44877638750677
2023-05-23 17:53:30+00:00,128.22719487963332
2023-05-23 17:53:31+00:00,63.905705149942605
2023-05-23 17:53:32+00:00,10.65728605394952
2023-05-23 17:53:33+00:00,-18.931030868428934
2023-05-23 17:53:34+00:00,5.910504367166595
2023-05-23 17:53:35+00:00,60.95931660700444
2023-05-23 17:53:36+00:00,116.85756696177123
2023-05-23 17:53:37+00:00,171.77448714800494
2023-05-23 17:53:38+00:00,220.4655695069373
2023-05-23 17:53:39+00:00,224.0538327107488
2023-05-23 17:53:40+00:00,193.25930300722712
2023-05-23 17:53:41+00:00,152.14015676813733
2023-05-23 17:53:42+00:00,97.16221985407492
2023-05-23 17:53:43+00:00,38.80651412478073
2023-05-23 17:53:44+00:00,-10.286372712605953
2023-05-23 17:53:45+00:00,-6.934715859502376
2023-05-23 17:53:46+00:00,26.510177999979078
2023-05-23 17:53:47+00:00,72.19651957407586
2023-05-23 17:53:48+00:00,124.8448964383183
2023-05-23 17:53:49+00:00,179.3029921471657
2023-05-23 17:53:50+00:00,226.12493762522354
2023-05-23 17:53:51+00:00,213.26186534281396
2023-05-23 17:53:52+00:00,174.39314392138112
2023-05-23 17:53:53+00:00,122.30377620554555
2023-05-23 17:53:54+00:00,63.40025216875665
2023-05-23 17:53:55+00:00,3.362190022379309
2023-05-23 17:53:56+00:00,-15.274823273366565
2023-05-23 17:53:57+00:00,11.244538753229335
2023-05-23 17:53:58+00:00,56.78406715250594
2023-05-23 17:53:59+00:00,105.60677511644963
2023-05-23 17:54:00+00:00,170.78969314776077
2023-05-23 17:54:01+00:00,216.52399546862262
2023-05-23 17:54:02+00:00,220.43705950747153
2023-05-23 17:54:03+00:00,188.60311384211172
2023-05-23 17:54:04+00:00,140.3311551201882
2023-05-23 17:54:05+00:00,89.35820700960767
2023-05-23 17:54:06+00:00,36.94670294466596
2023-05-23 17:54:07+00:00,-8.07698097829234
2023-05-23 17:54:08+00:00,-12.733436592000544
2023-05-23 17:54:09+00:00,20.83988548937441
2023-05-23 17:54:10+00:00,64.9651047562661
2023-05-23 17:54:11+00:00,114.0731791634621
2023-05-23 17:54:12+00:00,168.55925197458873
2023-05-23 17:54:13+00:00,219.07630654230707
2023-05-23 17:54:14+00:00,219.94412961016315
2023-05-23 17:54:15+00:00,193.7522329045355
2023-05-23 17:54:16+00:00,154.57602980661977
2023-05-23 17:54:17+00:00,106.14979734926828
2023-05-23 17:54:18+00:00,54.034051222711696
2023-05-23 17:54:19+00:00,0.24554082842450953
2023-05-23 17:54:20+00:00,-15.689950181478252
2023-05-23 17:54:21+00:00,17.007022477060673
2023-05-23 17:54:22+00:00,53.62398683786978
2023-05-23 17:54:23+00:00,96.51474977274529
2023-05-23 17:54:24+00:00,143.37746188555366
2023-05-23 17:54:25+00:00,190.86579529505389
2023-05-23 17:54:26+00:00,229.40598560114495
2023-05-23 17:54:27+00:00,211.74790443659413
2023-05-23 17:54:28+00:00,181.08899706698048
2023-05-23 17:54:29+00:00,113.82325038309682
2023-05-23 17:54:30+00:00,113.86721440096517
2023-05-23 17:54:31+00:00,113.45608422175064
2023-05-23 17:54:32+00:00,111.85872490587826
2023-05-23 17:54:33+00:00,111.39270631647696
2023-05-23 17:54:34+00:00,109.44443420343987
2023-05-23 17:54:35+00:00,111.01434931421863
2023-05-23 17:54:36+00:00,110.68741689043645
2023-05-23 17:54:37+00:00,110.57923876162158
2023-05-23 17:54:38+00:00,110.35222456026668
2023-05-23 17:54:39+00:00,110.07351933184282
2023-05-23 17:54:40+00:00,109.84277485018356
2023-05-23 17:54:41+00:00,109.61922448053974
2023-05-23 17:54:42+00:00,109.41938803568473
2023-05-23 17:54:43+00:00,109.29362429972298
2023-05-23 17:54:44+00:00,109.09565299502037
2023-05-23 17:54:45+00:00,108.89368496142015
2023-05-23 17:54:46+00:00,108.70557225466382
2023-05-23 17:54:47+00:00,108.51133123026511
2023-05-23 17:54:48+00:00,108.33014618693005
2023-05-23 17:54:49+00:00,108.19425740442875
2023-05-23 17:54:50+00:00,108.0319902112069
2023-05-23 17:54:51+00:00,107.84867357912663
2023-05-23 17:54:52+00:00,107.7066564789834
2023-05-23 17:54:53+00:00,107.58115919161446
2023-05-23 17:54:54+00:00,107.47617844591741
2023-05-23 17:54:55+00:00,107.38718461580856
2023-05-23 17:54:56+00:00,107.28620059900868
2023-05-23 17:54:57+00:00,107.16709807787538
2023-05-23 17:54:58+00:00,107.09489050913453
2023-05-23 17:54:59+00:00,107.02881125803606
2023-05-23 17:55:00+00:00,106.95047537165283
2023-05-23 17:55:01+00:00,106.91370546579947
2023-05-23 17:55:02+00:00,106.86308023310312
2023-05-23 17:55:03+00:00,106.82391228991173
2023-05-23 17:55:04+00:00,106.80073126230855
2023-05-23 17:55:05+00:00,106.76689229097974
2023-05-23 17:55:06+00:00,106.73012238512638
2023-05-23 17:55:07+00:00,106.67923070383677
2023-05-23 17:55:08+00:00,106.63420089159627
2023-05-23 17:55:09+00:00,106.61634883585566
2023-05-23 17:55:10+00:00,106.60435864916462
2023-05-23 17:55:11+00:00,106.5963651913703
2023-05-23 17:55:12+00:00,106.83883341112733
2023-05-23 17:55:13+00:00,107.1561736855565
2023-05-23 17:55:14+00:00,106.95340630617738
2023-05-23 17:55:15+00:00,106.89905079317668
2023-05-23 17:55:16+00:00,106.77595154314622
2023-05-23 17:55:17+00:00,106.80499443979852
2023-05-23 17:55:18+00:00,106.98671238031966
2023-05-23 17:55:19+00:00,107.81989713106759
2023-05-23 17:55:20+00:00,108.18466525507574
2023-05-23 17:55:21+00:00,109.1609329003395
2023-05-23 17:55:22+00:00,24.65383065157539
2023-05-23 17:55:23+00:00,112.81980498133316
2023-05-23 17:55:24+00:00,22.171595557886576
2023-05-23 17:55:25+00:00,16.313989686304467
2023-05-23 17:55:26+00:00,45.76801651774031
2023-05-23 17:55:27+00:00,48.40266020670515
2023-05-23 17:55:28+00:00,2.8737897511541632
2023-05-23 17:55:29+00:00,2.9601190953312653
2023-05-23 17:55:30+00:00,67.66396255617747
2023-05-23 17:55:31+00:00,488.9242508332313
2023-05-23 17:55:32+00:00,479.32304222803714
2023-05-23 17:55:33+00:00,480.59746584902405
2023-05-23 17:55:34+00:00,477.5018660939277
2023-05-23 17:55:35+00:00,477.1109860077918
2023-05-23 17:55:36+00:00,478.65079242754564
2023-05-23 17:55:37+00:00,480.3374120221197
2023-05-23 17:55:38+00:00,478.6795688756047
2023-05-23 17:55:39+00:00,478.91990550661694
2023-05-23 17:55:40+00:00,479.23591353808024
2023-05-23 17:55:41+00:00,477.0720845131932
2023-05-23 17:55:42+00:00,478.35343579760183
2023-05-23 17:55:43+00:00,478.784816069895
2023-05-23 17:55:44+00:00,476.79337928476934
2023-05-23 17:55:45+00:00,478.18956991282084
2023-05-23 17:55:46+00:00,478.36302794695484
2023-05-23 17:55:47+00:00,477.2681906777443
2023-05-23 17:55:48+00:00,478.5367524296821
2023-05-23 17:55:49+00:00,478.7152729870854
2023-05-23 17:55:50+00:00,477.8661013207493
2023-05-23 17:55:51+00:00,476.47550611315364
2023-05-23 17:55:52+00:00,479.28147624750727
2023-05-23 17:55:53+00:00,478.6926248566688
2023-05-23 17:55:54+00:00,478.87141186266535
2023-05-23 17:55:55+00:00,477.99053281374563
2023-05-23 17:55:56+00:00,477.2220950711312
2023-05-23 17:55:57+00:00,477.7062321648659
2023-05-23 17:55:58+00:00,476.7275664822637
2023-05-23 17:55:59+00:00,477.3995498341619
2023-05-23 17:56:00+00:00,479.11254783945697
2023-05-23 17:56:01+00:00,476.9239390954076
2023-05-23 17:56:02+00:00,477.46003366480454
2023-05-23 17:56:03+00:00,479.50742465448957
2023-05-23 17:56:04+00:00,476.7416882577004
2023-05-23 17:56:05+00:00,476.9465872258247
2023-05-23 17:56:06+00:00,480.63237061472546
2023-05-23 17:56:07+00:00,476.7678002198277
2023-05-23 17:56:08+00:00,478.300412527567
2023-05-23 17:56:09+00:00,477.0116006825506
2023-05-23 17:56:10+00:00,74.05100178232806
2023-05-23 17:56:11+00:00,16.87459752627001
2023-05-23 17:56:12+00:00,33.343252171045606
2023-05-23 17:56:13+00:00,33.27877161150582
2023-05-23 17:56:14+00:00,89.4112302796425
2023-05-23 17:56:15+00:00,10.3090377427161
2023-05-23 17:56:16+00:00,20.463127178674767
2023-05-23 17:56:17+00:00,48.99311028910279
2023-05-23 17:56:18+00:00,73.55807188501967
2023-05-23 17:56:19+00:00,3.8162184250891187
2023-05-23 17:56:20+00:00,3.4541147870122586
2023-05-23 17:56:21+00:00,2.4642582634987775
2023-05-23 17:56:22+00:00,2.500495272165608
2023-05-23 17:56:23+00:00,3.3259530137120237
2023-05-23 17:56:24+00:00,3.3094332009377467
2023-05-23 17:56:25+00:00,3.313429929834456
2023-05-23 17:56:26+00:00,3.3344793686928824
2023-05-23 17:56:27+00:00,3.3573939477028034
2023-05-23 17:56:28+00:00,3.349933387094552
2023-05-23 17:56:29+00:00,3.3981605824528742
2023-05-23 17:56:30+00:00,3.3691176858010294
2023-05-23 17:56:31+00:00,3.40082506838462
2023-05-23 17:56:32+00:00,3.411216563516973
2023-05-23 17:56:33+00:00,3.4189435727180353
2023-05-23 17:56:34+00:00,3.4807596463265327
2023-05-23 17:56:35+00:00,3.453315441232917
2023-05-23 17:56:36+00:00,3.4860886181891146
2023-05-23 17:56:37+00:00,3.485289272409773
2023-05-23 17:56:38+00:00,3.491151141458886
2023-05-23 17:56:39+00:00,3.5122005803168577
2023-05-23 17:56:40+00:00,3.4834241322578237
2023-05-23 17:56:41+00:00,3.525789458567033
2023-05-23 17:56:42+00:00,3.4850228238165073
2023-05-23 17:56:43+00:00,3.5255230099737673
2023-05-23 17:56:44+00:00,3.5196611409246543
2023-05-23 17:56:45+00:00,3.492216935831493
2023-05-23 17:56:46+00:00,3.538845439630677
2023-05-23 17:56:47+00:00,3.4972794591008096
2023-05-23 17:56:48+00:00,3.5351151593267787
2023-05-23 17:56:49+00:00,3.515131514841414
2023-05-23 17:56:50+00:00,3.5220591782631345
2023-05-23 17:56:51+00:00,3.5436415143071827
2023-05-23 17:56:52+00:00,3.512733477502934
2023-05-23 17:56:53+00:00,3.552434317880852
2023-05-23 17:56:54+00:00,3.516730206400098
2023-05-23 17:56:55+00:00,2.4000441525518
2023-05-23 17:56:56+00:00,204.55059503870598
2023-05-23 17:56:57+00:00,101.40035117655407
2023-05-23 17:56:58+00:00,2.391517797571396
2023-05-23 17:56:59+00:00,2.363274246698438
2023-05-23 17:57:00+00:00,2.365139386850842
2023-05-23 17:57:01+00:00,2.3531492001593506
2023-05-23 17:57:02+00:00,2.367803872782133
2023-05-23 17:57:03+00:00,2.8532732094822677
2023-05-23 17:57:04+00:00,3.07922161646502
2023-05-23 17:57:05+00:00,3.167416100794071
2023-05-23 17:57:06+00:00,4.05948599062549
2023-05-23 17:57:07+00:00,4.42851729212407
2023-05-23 17:57:08+00:00,941.3811397408545
2023-05-23 17:57:09+00:00,942.6353132687627
2023-05-23 17:57:10+00:00,942.5092830842077
2023-05-23 17:57:11+00:00,944.4588874402107
2023-05-23 17:57:12+00:00,942.7759981259405
2023-05-23 17:57:13+00:00,940.8922065724432
2023-05-23 17:57:14+00:00,938.9639181038915
2023-05-23 17:57:15+00:00,940.0702126626074
2023-05-23 17:57:16+00:00,939.0422539902747
2023-05-23 17:57:17+00:00,939.396097721964
2023-05-23 17:57:18+00:00,941.7480394536078
2023-05-23 17:57:19+00:00,940.8852789090215
2023-05-23 17:57:20+00:00,942.0707086999
2023-05-23 17:57:21+00:00,943.0144696168004
2023-05-23 17:57:22+00:00,942.0848304753363
2023-05-23 17:57:23+00:00,943.9955333367407
2023-05-23 17:57:24+00:00,945.1820289219913
2023-05-23 17:57:25+00:00,941.6129500168859
2023-05-23 17:57:26+00:00,943.0738876530709
2023-05-23 17:57:27+00:00,941.8239773026526
2023-05-23 17:57:28+00:00,941.3105308636723
2023-05-23 17:57:29+00:00,939.2639392197666
2023-05-23 17:57:30+00:00,939.384107535273
2023-05-23 17:57:31+00:00,940.547954990107
2023-05-23 17:57:32+00:00,944.6027696805058
2023-05-23 17:57:33+00:00,938.9186218430577
2023-05-23 17:57:34+00:00,939.0092143647253
2023-05-23 17:57:35+00:00,942.9846273743688
2023-05-23 17:57:36+00:00,939.249018098551
2023-05-23 17:57:37+00:00,938.3228427887975
2023-05-23 17:57:38+00:00,942.1303931847633
2023-05-23 17:57:39+00:00,940.7656434907017
2023-05-23 17:57:40+00:00,937.7651658833561
2023-05-23 17:57:41+00:00,937.3111374806463
2023-05-23 17:57:42+00:00,939.4310024876654
2023-05-23 17:57:43+00:00,9.650909717661307
2023-05-23 17:57:44+00:00,82.32396415072071
2023-05-23 17:57:45+00:00,33.777563377863316
2023-05-23 17:57:46+00:00,13.529868336588152
2023-05-23 17:57:47+00:00,10.94078735705034
2023-05-23 17:57:48+00:00,7.488146487146423
2023-05-23 17:57:49+00:00,9.081775522714906
2023-05-23 17:57:50+00:00,12.311931817346704
2023-05-23 17:57:51+00:00,12.299408733469136
2023-05-23 17:57:52+00:00,12.317527237802551
2023-05-23 17:57:53+00:00,12.299408733469136
2023-05-23 17:57:54+00:00,12.332714807611865
2023-05-23 17:57:55+00:00,12.343372751337483
2023-05-23 17:57:56+00:00,12.40732041369074
2023-05-23 17:57:57+00:00,12.432899478632407
2023-05-23 17:57:58+00:00,12.471534524637264
2023-05-23 17:57:59+00:00,12.440360039240204
2023-05-23 17:58:00+00:00,12.429968544107851
2023-05-23 17:58:01+00:00,12.49711358957893
2023-05-23 17:58:02+00:00,12.502176112848701
2023-05-23 17:58:03+00:00,12.514432748133004
2023-05-23 17:58:04+00:00,12.509903122049764
2023-05-23 17:58:05+00:00,12.553067794138315
2023-05-23 17:58:06+00:00,12.554133588510922
2023-05-23 17:58:07+00:00,12.560528354746111
2023-05-23 17:58:08+00:00,12.577314616114109
2023-05-23 17:58:09+00:00,12.569854055505857
2023-05-23 17:58:10+00:00,12.56479153223654
2023-05-23 17:58:11+00:00,12.567722466761097
2023-05-23 17:58:12+00:00,12.556798074442213
2023-05-23 17:58:13+00:00,12.565857326608693
2023-05-23 17:58:14+00:00,12.569054709726515
2023-05-23 17:58:15+00:00,12.565324429422617
2023-05-23 17:58:16+00:00,12.565057980829351
2023-05-23 17:58:17+00:00,12.573584335809755
2023-05-23 17:58:18+00:00,12.60289368105532
2023-05-23 17:58:19+00:00,12.57758106470692
2023-05-23 17:58:20+00:00,12.5959660176336
2023-05-23 17:58:21+00:00,12.591169942957094
2023-05-23 17:58:22+00:00,12.589304802805145
2023-05-23 17:58:23+00:00,12.59783115778555
2023-05-23 17:58:24+00:00,12.58717321405993
2023-05-23 17:58:25+00:00,12.594100877481651
2023-05-23 17:58:26+00:00,12.595699569040335
2023-05-23 17:58:27+00:00,12.603160129648586
2023-05-23 17:58:28+00:00,12.599962746530764
2023-05-23 17:58:29+00:00,12.589837699991676
2023-05-23 17:58:30+00:00,12.547472373682467
2023-05-23 17:58:31+00:00,12.553867139917656
2023-05-23 17:58:32+00:00,12.55786386881482
2023-05-23 17:58:33+00:00,12.590903494363829
2023-05-23 17:58:34+00:00,12.612752279001597
2023-05-23 17:58:35+00:00,12.59836405497208
2023-05-23 17:58:36+00:00,12.595166671854258
2023-05-23 17:58:37+00:00,12.530153215128394
2023-05-23 17:58:38+00:00,12.601561438089448
2023-05-23 17:58:39+00:00,12.877602180582471
2023-05-23 17:58:40+00:00,17.21698396845477
2023-05-23 17:58:41+00:00,18.001142178064583
2023-05-23 17:58:42+00:00,18.849514498621375
2023-05-23 17:58:43+00:00,19.321927854257865
2023-05-23 17:58:44+00:00,19.970730178552913
2023-05-23 17:58:45+00:00,19.918506254297426
2023-05-23 17:58:46+00:00,20.013894850641464
2023-05-23 17:58:47+00:00,21.074626699930377
2023-05-23 17:58:48+00:00,19.70854476290333
2023-05-23 17:58:49+00:00,18.528710392481116
2023-05-23 17:58:50+00:00,18.370972825342506
2023-05-23 17:58:51+00:00,18.024589654261035
2023-05-23 17:58:52+00:00,18.155682362085827
2023-05-23 17:58:53+00:00,18.127971708398945
2023-05-23 17:58:54+00:00,18.139961895090437
2023-05-23 17:58:55+00:00,18.15488301630603
2023-05-23 17:58:56+00:00,18.222827407556906
2023-05-23 17:58:57+00:00,18.247873575312042
2023-05-23 17:58:58+00:00,18.24734067812551
2023-05-23 17:58:59+00:00,18.24547553797356
2023-05-23 17:59:00+00:00,18.225758342081463
2023-05-23 17:59:01+00:00,18.21483394976258
2023-05-23 17:59:02+00:00,18.20470890322349
2023-05-23 17:59:03+00:00,18.276117126184545
2023-05-23 17:59:04+00:00,18.328074601846765
2023-05-23 17:59:05+00:00,18.344594414621497
2023-05-23 17:59:06+00:00,18.362180021768836
2023-05-23 17:59:07+00:00,18.373903759867062
2023-05-23 17:59:08+00:00,18.36111422739623
2023-05-23 17:59:09+00:00,18.355785255533647
2023-05-23 17:59:10+00:00,18.35498590975385
2023-05-23 17:59:11+00:00,18.340064788538257
2023-05-23 17:59:12+00:00,18.483680580240616
2023-05-23 17:59:13+00:00,18.512190579706385
2023-05-23 17:59:14+00:00,18.52391431780461
2023-05-23 17:59:15+00:00,18.57080927019706
2023-05-23 17:59:16+00:00,18.799688611703914
2023-05-23 17:59:17+00:00,18.80075440607652
2023-05-23 17:59:18+00:00,18.793293845468725
2023-05-23 17:59:19+00:00,18.778905621439208
2023-05-23 17:59:20+00:00,18.77704048128726
2023-05-23 17:59:21+00:00,18.753326556497996
2023-05-23 17:59:22+00:00,19.183907483011353
2023-05-23 17:59:23+00:00,19.267039444071088
2023-05-23 17:59:24+00:00,19.304875144297057
2023-05-23 17:59:25+00:00,19.181242997080062
2023-05-23 17:59:26+00:00,19.213749725442995
2023-05-23 17:59:27+00:00,19.22014449167864
2023-05-23 17:59:28+00:00,19.216947108560817
2023-05-23 17:59:29+00:00,19.20335823031064
2023-05-23 17:59:30+00:00,19.18230879145267
2023-05-23 17:59:31+00:00,19.16392383852599
2023-05-23 17:59:32+00:00,19.173515987879
2023-05-23 17:59:33+00:00,19.189769352060466
2023-05-23 17:59:34+00:00,19.12422299814807
2023-05-23 17:59:35+00:00,19.000324402338265
2023-05-23 17:59:36+00:00,19.019242252451022
2023-05-23 17:59:37+00:00,19.02217318697558
2023-05-23 17:59:38+00:00,18.536970298868255
2023-05-23 17:59:39+00:00,19.26970393000238
2023-05-23 17:59:40+00:00,19.4463593472542
2023-05-23 17:59:41+00:00,21.889160049158363
2023-05-23 17:59:42+00:00,74.83702513208982
2023-05-23 17:59:43+00:00,226.94666508646606
2023-05-23 17:59:44+00:00,235.4024111897529
2023-05-23 17:59:45+00:00,235.24600586557972
2023-05-23 17:59:46+00:00,233.79839065905207
2023-05-23 17:59:47+00:00,233.3017304814398
2023-05-23 17:59:48+00:00,234.89242858248372
2023-05-23 17:59:49+00:00,236.7788846219123
2023-05-23 17:59:50+00:00,239.6317497086584
2023-05-23 17:59:51+00:00,242.3455286297858
2023-05-23 17:59:52+00:00,244.1637738293707
2023-05-23 17:59:53+00:00,244.66176624994887
2023-05-23 17:59:54+00:00,244.12007626009563
2023-05-23 17:59:55+00:00,242.40574601183516
2023-05-23 17:59:56+00:00,239.76177662211057
2023-05-23 17:59:57+00:00,237.75781675310736
2023-05-23 17:59:58+00:00,237.1236691014351
2023-05-23 17:59:59+00:00,237.7586160988867
2023-05-23 18:00:00+00:00,241.22431294985427
2023-05-23 18:00:01+00:00,242.28504479914318
2023-05-23 18:00:02+00:00,245.1096663350163
2023-05-23 18:00:03+00:00,246.89673704920415
2023-05-23 18:00:04+00:00,247.30333760233543
2023-05-23 18:00:05+00:00,246.55115322390202
2023-05-23 18:00:06+00:00,244.7683456872046
2023-05-23 18:00:07+00:00,242.28797573366774
2023-05-23 18:00:08+00:00,240.08231427965757
2023-05-23 18:00:09+00:00,238.99760205698612
2023-05-23 18:00:10+00:00,238.94804261866193
2023-05-23 18:00:11+00:00,240.12148222284895
2023-05-23 18:00:12+00:00,242.1792647076668
2023-05-23 18:00:13+00:00,244.94100437555926
2023-05-23 18:00:14+00:00,247.77441871500605
2023-05-23 18:00:15+00:00,249.35765625544173
2023-05-23 18:00:16+00:00,250.2244135289252
2023-05-23 18:00:17+00:00,247.40512096491466
2023-05-23 18:00:18+00:00,244.1653725209294
2023-05-23 18:00:19+00:00,240.00451129046087
2023-05-23 18:00:20+00:00,231.71689424944543
2023-05-23 18:00:21+00:00,230.1094098870335
2023-05-23 18:00:22+00:00,227.72975750170372
2023-05-23 18:00:23+00:00,247.85728422747252
2023-05-23 18:00:24+00:00,250.92917005777963
2023-05-23 18:00:25+00:00,252.13937956782001
2023-05-23 18:00:26+00:00,254.93602400141344
2023-05-23 18:00:27+00:00,254.1670533616125
2023-05-23 18:00:28+00:00,252.74128693972216
2023-05-23 18:00:29+00:00,250.56893155985472
2023-05-23 18:00:30+00:00,248.10668011065127
2023-05-23 18:00:31+00:00,246.8684934983312
2023-05-23 18:00:32+00:00,246.9145891049443
2023-05-23 18:00:33+00:00,247.6582471283973
2023-05-23 18:00:34+00:00,249.14662896967548
2023-05-23 18:00:35+00:00,251.84788480692487
2023-05-23 18:00:36+00:00,254.04928308344506
2023-05-23 18:00:37+00:00,256.0308612706244
2023-05-23 18:00:38+00:00,256.2512142571509
2023-05-23 18:00:39+00:00,255.46492445879585
2023-05-23 18:00:40+00:00,253.65946879168132
2023-05-23 18:00:41+00:00,251.56571574679037
2023-05-23 18:00:42+00:00,249.491147000605
2023-05-23 18:00:43+00:00,248.44640206690428
2023-05-23 18:00:44+00:00,248.70858748255387
2023-05-23 18:00:45+00:00,251.46792911310786
2023-05-23 18:00:46+00:00,253.33679954538957
2023-05-23 18:00:47+00:00,255.45906258974674
2023-05-23 18:00:48+00:00,257.1611362027229
2023-05-23 18:00:49+00:00,257.9500904870092
2023-05-23 18:00:50+00:00,257.51817731753
2023-05-23 18:00:51+00:00,256.2408227620185
2023-05-23 18:00:52+00:00,254.20435616465193
2023-05-23 18:00:53+00:00,252.05251732645638
2023-05-23 18:00:54+00:00,250.272107827097
2023-05-23 18:00:55+00:00,249.93851418848635
2023-05-23 18:00:56+00:00,250.6795077260076
2023-05-23 18:00:57+00:00,252.09434975557906
2023-05-23 18:00:58+00:00,254.1513328946171
2023-05-23 18:00:59+00:00,256.56748873720744
2023-05-23 18:01:00+00:00,257.85017226458194
2023-05-23 18:01:01+00:00,257.83072151728265
2023-05-23 18:01:02+00:00,257.04283302736894
2023-05-23 18:01:03+00:00,255.39085174990305
2023-05-23 18:01:04+00:00,253.12017683916702
2023-05-23 18:01:05+00:00,251.09623332567799
2023-05-23 18:01:06+00:00,250.20256474428788
2023-05-23 18:01:07+00:00,250.3011507237493
2023-05-23 18:01:08+00:00,251.49937004709818
2023-05-23 18:01:09+00:00,253.4217966466008
2023-05-23 18:01:10+00:00,255.83528800325985
2023-05-23 18:01:11+00:00,257.6031744187417
2023-05-23 18:01:12+00:00,258.10463067103046
2023-05-23 18:01:13+00:00,257.29889012537615
2023-05-23 18:01:14+00:00,255.55738212061533
2023-05-23 18:01:15+00:00,253.18785478182417
2023-05-23 18:01:16+00:00,250.9566142628728
2023-05-23 18:01:17+00:00,250.0203139065802
2023-05-23 18:01:18+00:00,250.71547828608163
2023-05-23 18:01:19+00:00,252.80896488237977
2023-05-23 18:01:20+00:00,255.48197716875666
2023-05-23 18:01:21+00:00,257.57253283053024
2023-05-23 18:01:22+00:00,259.16829345484393
2023-05-23 18:01:23+00:00,258.245049079615
2023-05-23 18:01:24+00:00,255.7985180974065
2023-05-23 18:01:25+00:00,253.0695516064702
2023-05-23 18:01:26+00:00,251.55026172838825
2023-05-23 18:01:27+00:00,251.45727116938224
2023-05-23 18:01:28+00:00,252.7652673131047
2023-05-23 18:01:29+00:00,255.06205418596846
2023-05-23 18:01:30+00:00,257.56080909243246
2023-05-23 18:01:31+00:00,258.9703221501409
2023-05-23 18:01:32+00:00,258.93142065554275
2023-05-23 18:01:33+00:00,257.70442488413437
2023-05-23 18:01:34+00:00,255.53553333597802
2023-05-23 18:01:35+00:00,252.94698525362628
2023-05-23 18:01:36+00:00,251.36827733927385
2023-05-23 18:01:37+00:00,251.72345331392899
2023-05-23 18:01:38+00:00,253.54969197130822
2023-05-23 18:01:39+00:00,255.97384127169244
2023-05-23 18:01:40+00:00,258.55013271875987
2023-05-23 18:01:41+00:00,259.1491091561379
2023-05-23 18:01:42+00:00,258.04814356928455
2023-05-23 18:01:43+00:00,256.0758910828649
2023-05-23 18:01:44+00:00,251.95872742167103
2023-05-23 18:01:45+00:00,257.07480685854534
2023-05-23 18:01:46+00:00,254.21954373446124
2023-05-23 18:01:47+00:00,255.64078053026788
2023-05-23 18:01:48+00:00,256.97622087908394
2023-05-23 18:01:49+00:00,252.1748172307075
2023-05-23 18:01:50+00:00,259.09821747484784
2023-05-23 18:01:51+00:00,253.08500562487234
2023-05-23 18:01:52+00:00,253.29443421908036
2023-05-23 18:01:53+00:00,259.1541716794072
2023-05-23 18:01:54+00:00,255.63252062388074
2023-05-23 18:01:55+00:00,251.4564718236029
2023-05-23 18:01:56+00:00,253.9930624302924
2023-05-23 18:01:57+00:00,258.61994225016224
2023-05-23 18:01:58+00:00,258.6980116879522
2023-05-23 18:01:59+00:00,255.77933379870046
2023-05-23 18:02:00+00:00,251.6227357457219
2023-05-23 18:02:01+00:00,251.49830425272603
2023-05-23 18:02:02+00:00,251.9845729352055
2023-05-23 18:02:03+00:00,252.59820404520633
2023-05-23 18:02:04+00:00,253.03677842951402
2023-05-23 18:02:05+00:00,252.96057413187646
2023-05-23 18:02:06+00:00,252.68400049219736
2023-05-23 18:02:07+00:00,251.8215063962043
2023-05-23 18:02:08+00:00,251.30646126566535
2023-05-23 18:02:09+00:00,252.24462676210987
2023-05-23 18:02:10+00:00,255.4473388516485
2023-05-23 18:02:11+00:00,258.7134657063543
2023-05-23 18:02:12+00:00,258.8277721528111
2023-05-23 18:02:13+00:00,253.87262766619324
2023-05-23 18:02:14+00:00,251.16577640848755
2023-05-23 18:02:15+00:00,255.94000230036363
2023-05-23 18:02:16+00:00,259.39264317026755
2023-05-23 18:02:17+00:00,252.433538814646
2023-05-23 18:02:18+00:00,251.9187601327003
2023-05-23 18:02:19+00:00,252.90115609560598
2023-05-23 18:02:20+00:00,254.1523986889897
2023-05-23 18:02:21+00:00,256.23682603312136
2023-05-23 18:02:22+00:00,258.24345038805586
2023-05-23 18:02:23+00:00,259.156836165339
2023-05-23 18:02:24+00:00,259.05318766260734
2023-05-23 18:02:25+00:00,257.895734974009
2023-05-23 18:02:26+00:00,255.70312950106245
2023-05-23 18:02:27+00:00,253.21663122988366
2023-05-23 18:02:28+00:00,251.73437770624741
2023-05-23 18:02:29+00:00,251.43808687067622
2023-05-23 18:02:30+00:00,252.24089648180598
2023-05-23 18:02:31+00:00,253.85104533014874
2023-05-23 18:02:32+00:00,256.366320049387
2023-05-23 18:02:33+00:00,258.344700853449
2023-05-23 18:02:34+00:00,259.273274200541
2023-05-23 18:02:35+00:00,258.964726729685
2023-05-23 18:02:36+00:00,257.3276665734352
2023-05-23 18:02:37+00:00,255.06658381205216
2023-05-23 18:02:38+00:00,252.53718731737717
2023-05-23 18:02:39+00:00,251.48125154276477
2023-05-23 18:02:40+00:00,251.80871686373348
2023-05-23 18:02:41+00:00,253.27604926615368
2023-05-23 18:02:42+00:00,255.60028034411062
2023-05-23 18:02:43+00:00,257.66312535219777
2023-05-23 18:02:44+00:00,259.1291255116521
2023-05-23 18:02:45+00:00,259.14298083849553
2023-05-23 18:02:46+00:00,257.9817978695928
2023-05-23 18:02:47+00:00,256.17500995951286
2023-05-23 18:02:48+00:00,253.91259495516442
2023-05-23 18:02:49+00:00,252.03173433619122
2023-05-23 18:02:50+00:00,251.74210471544848
2023-05-23 18:02:51+00:00,252.33202190065958
2023-05-23 18:02:52+00:00,254.11642812891614
2023-05-23 18:02:53+00:00,256.56722228861463
2023-05-23 18:02:54+00:00,258.71799533243757
2023-05-23 18:02:55+00:00,259.3998372822821
2023-05-23 18:02:56+00:00,258.5789091668189
2023-05-23 18:02:57+00:00,256.9490431225836
2023-05-23 18:02:58+00:00,254.63706867991095
2023-05-23 18:02:59+00:00,252.6096613347113
2023-05-23 18:03:00+00:00,251.93501349688177
2023-05-23 18:03:01+00:00,252.250488631159
2023-05-23 18:03:02+00:00,254.1486684086858
2023-05-23 18:03:03+00:00,256.63729826861027
2023-05-23 18:03:04+00:00,258.7475711262764
2023-05-23 18:03:05+00:00,259.3180375641882
2023-05-23 18:03:06+00:00,258.3737437501013
2023-05-23 18:03:07+00:00,256.3889681798041
2023-05-23 18:03:08+00:00,253.63948514719596
2023-05-23 18:03:09+00:00,251.9552635899604
2023-05-23 18:03:10+00:00,251.85667761049854
2023-05-23 18:03:11+00:00,253.37117141390445
2023-05-23 18:03:12+00:00,256.15582566080684
2023-05-23 18:03:13+00:00,258.56265580263744
2023-05-23 18:03:14+00:00,259.4326104592383
2023-05-23 18:03:15+00:00,258.44968159914606
2023-05-23 18:03:16+00:00,256.28318808832773
2023-05-23 18:03:17+00:00,253.35198711519843
2023-05-23 18:03:18+00:00,251.71093023005142
2023-05-23 18:03:19+00:00,252.0125500374852
2023-05-23 18:03:20+00:00,253.53583664446478
2023-05-23 18:03:21+00:00,256.566156494242
2023-05-23 18:03:22+00:00,258.78700551806105
2023-05-23 18:03:23+00:00,259.42195251551266
2023-05-23 18:03:24+00:00,258.37534244166
2023-05-23 18:03:25+00:00,255.91202519808394
2023-05-23 18:03:26+00:00,252.96457086077316
2023-05-23 18:03:27+00:00,251.61953836260454
2023-05-23 18:03:28+00:00,252.11007022257445
2023-05-23 18:03:29+00:00,253.68291626787777
2023-05-23 18:03:30+00:00,256.3833727593483
2023-05-23 18:03:31+00:00,258.57544533510827
2023-05-23 18:03:32+00:00,259.3313599938451
2023-05-23 18:03:33+00:00,259.00655915880816
2023-05-23 18:03:34+00:00,256.7678580792485
2023-05-23 18:03:35+00:00,253.98799990702264
2023-05-23 18:03:36+00:00,251.9283522820533
2023-05-23 18:03:37+00:00,251.6738938756048
2023-05-23 18:03:38+00:00,253.0732818867741
2023-05-23 18:03:39+00:00,255.54858931704166
2023-05-23 18:03:40+00:00,261.3593002362313
2023-05-23 18:03:41+00:00,262.358482460505
2023-05-23 18:03:42+00:00,261.81466088190655
2023-05-23 18:03:43+00:00,259.7262368088782
2023-05-23 18:03:44+00:00,256.7105716317237
2023-05-23 18:03:45+00:00,254.6474601750433
2023-05-23 18:03:46+00:00,254.47133765497802
2023-05-23 18:03:47+00:00,255.73643557520518
2023-05-23 18:03:48+00:00,258.10995964289305
2023-05-23 18:03:49+00:00,260.81308062029484
2023-05-23 18:03:50+00:00,262.2788143311559
2023-05-23 18:03:51+00:00,261.9979775139868
2023-05-23 18:03:52+00:00,260.37264109583475
2023-05-23 18:03:53+00:00,257.6639246979771
2023-05-23 18:03:54+00:00,255.28986773310316
2023-05-23 18:03:55+00:00,254.354899619776
2023-05-23 18:03:56+00:00,255.3404929657995
2023-05-23 18:03:57+00:00,257.54082544794664
2023-05-23 18:03:58+00:00,260.3681114697515
2023-05-23 18:03:59+00:00,262.168238165003
2023-05-23 18:04:00+00:00,261.4871955609383
2023-05-23 18:04:01+00:00,260.3049631531776
2023-05-23 18:04:02+00:00,257.25039648142456
2023-05-23 18:04:03+00:00,254.9858498883309
2023-05-23 18:04:04+00:00,254.3924688714087
2023-05-23 18:04:05+00:00,255.47025343065843
2023-05-23 18:04:06+00:00,257.89360338526376
2023-05-23 18:04:07+00:00,261.02677239199284
2023-05-23 18:04:08+00:00,262.3624791894017
2023-05-23 18:04:09+00:00,261.75844022875435
2023-05-23 18:04:10+00:00,259.6601575577797
2023-05-23 18:04:11+00:00,256.61198565226186
2023-05-23 18:04:12+00:00,254.57152232599856
2023-05-23 18:04:13+00:00,254.65438783846503
2023-05-23 18:04:14+00:00,256.5008765889229
2023-05-23 18:04:15+00:00,259.42674859018916
2023-05-23 18:04:16+00:00,261.9241712536873
2023-05-23 18:04:17+00:00,262.25749844370466
2023-05-23 18:04:18+00:00,260.90527183352106
2023-05-23 18:04:19+00:00,258.4302308518468
2023-05-23 18:04:20+00:00,255.5794973538459
2023-05-23 18:04:21+00:00,254.42817298288946
2023-05-23 18:04:22+00:00,254.99277755175217
2023-05-23 18:04:23+00:00,257.00020125246647
2023-05-23 18:04:24+00:00,259.943125963694
2023-05-23 18:04:25+00:00,261.9556121876776
2023-05-23 18:04:26+00:00,262.2692221818029
2023-05-23 18:04:27+00:00,260.82640304995175
2023-05-23 18:04:28+00:00,258.31405926523803
2023-05-23 18:04:29+00:00,255.62506006327294
2023-05-23 18:04:30+00:00,254.40978802996278
2023-05-23 18:04:31+00:00,254.64772662363657
2023-05-23 18:04:32+00:00,255.8781862267556
2023-05-23 18:04:33+00:00,258.1589861840307
2023-05-23 18:04:34+00:00,261.25751687365164
2023-05-23 18:04:35+00:00,262.1709026509343
2023-05-23 18:04:36+00:00,260.8277352929176
2023-05-23 18:04:37+00:00,258.3292468350469
2023-05-23 18:04:38+00:00,255.45426651507023
2023-05-23 18:04:39+00:00,254.328521209055
2023-05-23 18:04:40+00:00,254.94215231905582
2023-05-23 18:04:41+00:00,256.92666144075974
2023-05-23 18:04:42+00:00,259.85093475046733
2023-05-23 18:04:43+00:00,261.9255034966527
2023-05-23 18:04:44+00:00,262.16370853891976
2023-05-23 18:04:45+00:00,260.65134632425907
2023-05-23 18:04:46+00:00,257.7398625470223
2023-05-23 18:04:47+00:00,255.00023811236042
2023-05-23 18:04:48+00:00,254.42124531946774
2023-05-23 18:04:49+00:00,255.6972676320138
2023-05-23 18:04:50+00:00,258.58930066195126
2023-05-23 18:04:51+00:00,261.45735331850665
2023-05-23 18:04:52+00:00,262.29400190096476
2023-05-23 18:04:53+00:00,261.04275930758104
2023-05-23 18:04:54+00:00,258.3156579567967
2023-05-23 18:04:55+00:00,255.42975324450117
2023-05-23 18:04:56+00:00,254.328521209055
2023-05-23 18:04:57+00:00,255.30585464869137
2023-05-23 18:04:58+00:00,257.1965738656104
2023-05-23 18:04:59+00:00,260.344131096369
2023-05-23 18:05:00+00:00,262.2772156395972
2023-05-23 18:05:01+00:00,261.90392116060866
2023-05-23 18:05:02+00:00,260.06888969965576
2023-05-23 18:05:03+00:00,257.0913266713201
2023-05-23 18:05:04+00:00,254.64106540880812
2023-05-23 18:05:05+00:00,254.33038634920695
2023-05-23 18:05:06+00:00,255.8139721158086
2023-05-23 18:05:07+00:00,258.4494151505528
2023-05-23 18:05:08+00:00,261.25591818209296
2023-05-23 18:05:09+00:00,262.11761293230666
2023-05-23 18:05:10+00:00,261.31427042399037
2023-05-23 18:05:11+00:00,258.93168710413556
2023-05-23 18:05:12+00:00,256.17287837076765
2023-05-23 18:05:13+00:00,254.24752083674093
2023-05-23 18:05:14+00:00,254.5805815781655
2023-05-23 18:05:15+00:00,256.46250799151085
2023-05-23 18:05:16+00:00,259.5205384949745
2023-05-23 18:05:17+00:00,261.8173253678383
2023-05-23 18:05:18+00:00,261.9031218148293
2023-05-23 18:05:19+00:00,260.4632336175023
2023-05-23 18:05:20+00:00,257.9213140389502
2023-05-23 18:05:21+00:00,255.3250389473974
2023-05-23 18:05:22+00:00,254.17318167925487
2023-05-23 18:05:23+00:00,255.18781792193067
2023-05-23 18:05:24+00:00,257.7982147889197
2023-05-23 18:05:25+00:00,260.7472678177892
2023-05-23 18:05:26+00:00,262.17756386576275
2023-05-23 18:05:27+00:00,261.65745621195447
2023-05-23 18:05:28+00:00,259.1291255116521
2023-05-23 18:05:29+00:00,256.05723968134544
2023-05-23 18:05:30+00:00,254.38634055376633
2023-05-23 18:05:31+00:00,254.63733512850422
2023-05-23 18:05:32+00:00,256.55096892443316
2023-05-23 18:05:33+00:00,259.42435055285114
2023-05-23 18:05:34+00:00,261.99078340197184
2023-05-23 18:05:35+00:00,262.1618433987678
2023-05-23 18:05:36+00:00,260.98041033678646
2023-05-23 18:05:37+00:00,258.3297797322334
2023-05-23 18:05:38+00:00,255.31571324663764
2023-05-23 18:05:39+00:00,254.30560663004508
2023-05-23 18:05:40+00:00,255.17715997820505
2023-05-23 18:05:41+00:00,257.3881504040778
2023-05-23 18:05:42+00:00,260.51305950441974
2023-05-23 18:05:43+00:00,262.2417779767097
2023-05-23 18:05:44+00:00,261.9217732163488
2023-05-23 18:05:45+00:00,259.7326315751134
2023-05-23 18:05:46+00:00,256.60505798884014
2023-05-23 18:05:47+00:00,254.52809120531674
2023-05-23 18:05:48+00:00,254.79906942454
2023-05-23 18:05:49+00:00,256.80542733088123
2023-05-23 18:05:50+00:00,260.0038762429299
2023-05-23 18:05:51+00:00,262.10695498858104
2023-05-23 18:05:52+00:00,262.04886919527644
2023-05-23 18:05:53+00:00,260.2263608182011
2023-05-23 18:05:54+00:00,257.1997712487282
2023-05-23 18:05:55+00:00,254.85955325518262
2023-05-23 18:05:56+00:00,254.57658484926833
2023-05-23 18:05:57+00:00,256.2448194909157
2023-05-23 18:05:58+00:00,259.1179346707404
2023-05-23 18:05:59+00:00,261.7517790139259
2023-05-23 18:06:00+00:00,261.7920127514899
2023-05-23 18:06:01+00:00,261.17838164148907
2023-05-23 18:06:02+00:00,258.60502112894665
2023-05-23 18:06:03+00:00,255.75988305140118
2023-05-23 18:06:04+00:00,254.44389344988485
2023-05-23 18:06:05+00:00,255.4265558613838
2023-05-23 18:06:06+00:00,257.75904684572834
2023-05-23 18:06:07+00:00,260.7331460423529
2023-05-23 18:06:08+00:00,259.75927643442765
2023-05-23 18:06:09+00:00,256.8781677968086
2023-05-23 18:06:10+00:00,253.6751892586767
2023-05-23 18:06:11+00:00,251.48711341181388
2023-05-23 18:06:12+00:00,249.01633560763003
2023-05-23 18:06:13+00:00,116.33506127062446
2023-05-23 18:06:14+00:00,37.14280910921707
2023-05-23 18:06:15+00:00,37.293885461527225
2023-05-23 18:06:16+00:00,45.679822033411256
2023-05-23 18:06:17+00:00,36.928051543146466
2023-05-23 18:06:18+00:00,30.580446708780528
2023-05-23 18:06:19+00:00,28.501881233697986
2023-05-23 18:06:20+00:00,28.113399184900572
2023-05-23 18:06:21+00:00,27.885052740579795
2023-05-23 18:06:22+00:00,26.72413622027034
2023-05-23 18:06:23+00:00,9.072982719141237
2023-05-23 18:06:24+00:00,15.849836237055115
2023-05-23 18:06:25+00:00,151.50254528475398
2023-05-23 18:06:26+00:00,61.47622687769535
2023-05-23 18:06:27+00:00,2.632120877176476
2023-05-23 18:06:28+00:00,2.7989176964820217
2023-05-23 18:06:29+00:00,16.751231827646734
2023-05-23 18:06:30+00:00,18.07201750383956
2023-05-23 18:06:31+00:00,18.298765256601655
2023-05-23 18:06:32+00:00,18.370173479563164
2023-05-23 18:06:33+00:00,18.399216376215463
2023-05-23 18:06:34+00:00,18.421065160852777
2023-05-23 18:06:35+00:00,18.43145665598513
2023-05-23 18:06:36+00:00,18.47195684214239
2023-05-23 18:06:37+00:00,18.462631141382644
2023-05-23 18:06:38+00:00,18.47462132807368
2023-05-23 18:06:39+00:00,98.10731301394117
2023-05-23 18:06:40+00:00,497.68641281862847
2023-05-23 18:06:41+00:00,4.034439822870354
2023-05-23 18:06:42+00:00,3.661145343881799
2023-05-23 18:06:43+00:00,2.95772105799324
2023-05-23 18:06:44+00:00,2.436547609811896
2023-05-23 18:06:45+00:00,2.4146988251745825
2023-05-23 18:06:46+00:00,2.4075047131595966
2023-05-23 18:06:47+00:00,2.52607433710682
2023-05-23 18:06:48+00:00,30.50077857943188
2023-05-23 18:06:49+00:00,34.1082260819494
2023-05-23 18:06:50+00:00,90.66646960192338
2023-05-23 18:06:51+00:00,56.92501845827701
2023-05-23 18:06:52+00:00,45.016365036493426
2023-05-23 18:06:53+00:00,40.02738157854674
2023-05-23 18:06:54+00:00,15.46774895449289
2023-05-23 18:06:55+00:00,9.715923174387171
2023-05-23 18:06:56+00:00,187.15549863558408
2023-05-23 18:06:57+00:00,129.50428298655152
2023-05-23 18:06:58+00:00,127.91784806299802
2023-05-23 18:06:59+00:00,141.4140022027077
2023-05-23 18:07:00+00:00,150.07624596567757
2023-05-23 18:07:01+00:00,160.44003044443707
2023-05-23 18:07:02+00:00,197.94000544291157
2023-05-23 18:07:03+00:00,351.25239434671994
2023-05-23 18:07:04+00:00,298.5797706605017
2023-05-23 18:07:05+00:00,299.99248110132794
2023-05-23 18:07:06+00:00,300.13529754725096
2023-05-23 18:07:07+00:00,299.240296722895
2023-05-23 18:07:08+00:00,297.340518253809
2023-05-23 18:07:09+00:00,295.7748663205207
2023-05-23 18:07:10+00:00,295.1615016591131
2023-05-23 18:07:11+00:00,295.67787903261797
2023-05-23 18:07:12+00:00,297.11936592150323
2023-05-23 18:07:13+00:00,299.1054737347663
2023-05-23 18:07:14+00:00,300.48008202677374
2023-05-23 18:07:15+00:00,300.57973380060776
2023-05-23 18:07:16+00:00,299.55230802546157
2023-05-23 18:07:17+00:00,298.00264300776144
2023-05-23 18:07:18+00:00,296.1060619217933
2023-05-23 18:07:19+00:00,295.2374395081579
2023-05-23 18:07:20+00:00,151.84146789522765
2023-05-23 18:07:21+00:00,17.388310413843556
2023-05-23 18:07:22+00:00,31.724576967721987
2023-05-23 18:07:23+00:00,11.233880809503717
2023-05-23 18:07:24+00:00,2.4826432164250036
2023-05-23 18:07:25+00:00,2.3075864907323194
2023-05-23 18:07:26+00:00,2.3027904160558137
2023-05-23 18:07:27+00:00,2.350218265634794
2023-05-23 18:07:28+00:00,2.3792611622870936
2023-05-23 18:07:29+00:00,2.404573778635495
2023-05-23 18:07:30+00:00,2.392850040537269
2023-05-23 18:07:31+00:00,2.3683367699682094
2023-05-23 18:07:32+00:00,2.4101691990913423
2023-05-23 18:07:33+00:00,2.344889293772212
2023-05-23 18:07:34+00:00,15.701957267862781
2023-05-23 18:07:35+00:00,4.016321318536939
2023-05-23 18:07:36+00:00,4.174325334268815
2023-05-23 18:07:37+00:00,19.397066357523272
2023-05-23 18:07:38+00:00,33.016586195856235
2023-05-23 18:07:39+00:00,49.47218485956773
2023-05-23 18:07:40+00:00,51.980798363977556
2023-05-23 18:07:41+00:00,53.61945721178654
2023-05-23 18:07:42+00:00,54.76571905947321
2023-05-23 18:07:43+00:00,55.538153530985255
2023-05-23 18:07:44+00:00,56.19148548136354
2023-05-23 18:07:45+00:00,56.76221836786863
2023-05-23 18:07:46+00:00,57.300977423196855
2023-05-23 18:07:47+00:00,58.01985572748799
2023-05-23 18:07:48+00:00,28.532789270502235
2023-05-23 18:07:49+00:00,2.543127047068083
2023-05-23 18:07:50+00:00,2.4232251801549864
2023-05-23 18:07:51+00:00,2.7296410622657277
2023-05-23 18:07:52+00:00,2.3616755551397546
2023-05-23 18:07:53+00:00,2.3531492001593506
2023-05-23 18:07:54+00:00,2.8324902192175614
2023-05-23 18:07:55+00:00,2.4645247120915883
2023-05-23 18:07:56+00:00,3.133577129465266
2023-05-23 18:07:57+00:00,2.3675374241888676
2023-05-23 18:07:58+00:00,2.327303686624873
2023-05-23 18:07:59+00:00,5.20414914675348
2023-05-23 18:08:00+00:00,23.076987877374904
2023-05-23 18:08:01+00:00,56.24530809717771
2023-05-23 18:08:02+00:00,173.1445658139287
2023-05-23 18:08:03+00:00,178.4181163693488
2023-05-23 18:08:04+00:00,287.46673273783335
2023-05-23 18:08:05+00:00,303.8924891591132
2023-05-23 18:08:06+00:00,307.8335303002418
2023-05-23 18:08:07+00:00,309.57983437967914
2023-05-23 18:08:08+00:00,310.1034058651985
2023-05-23 18:08:09+00:00,309.4783174656927
2023-05-23 18:08:10+00:00,307.83432964602116
2023-05-23 18:08:11+00:00,306.1215980893194
2023-05-23 18:08:12+00:00,305.2604362362922
2023-05-23 18:08:13+00:00,305.5529967915595
2023-05-23 18:08:14+00:00,306.5812219124855
2023-05-23 18:08:15+00:00,308.141278425318
2023-05-23 18:08:16+00:00,309.95979007349615
2023-05-23 18:08:17+00:00,310.37145314989675
2023-05-23 18:08:18+00:00,309.6797526021064
2023-05-23 18:08:19+00:00,308.0847913235725
2023-05-23 18:08:20+00:00,306.2377696759286
2023-05-23 18:08:21+00:00,305.45654240084286
2023-05-23 18:08:22+00:00,305.79972818880697
2023-05-23 18:08:23+00:00,306.8990950841012
2023-05-23 18:08:24+00:00,308.62621486483204
2023-05-23 18:08:25+00:00,310.1534982007088
2023-05-23 18:08:26+00:00,310.6000660428108
2023-05-23 18:08:27+00:00,309.9118293267311
2023-05-23 18:08:28+00:00,308.15486730356815
2023-05-23 18:08:29+00:00,306.5559092961371
2023-05-23 18:08:30+00:00,305.83676454325314
2023-05-23 18:08:31+00:00,305.75736286249776
2023-05-23 18:08:32+00:00,306.5484487355293
2023-05-23 18:08:33+00:00,308.38667757959956
2023-05-23 18:08:34+00:00,310.2989791325631
2023-05-23 18:08:35+00:00,311.18811808786995
2023-05-23 18:08:36+00:00,310.8806364113866
2023-05-23 18:08:37+00:00,309.6704269013467
2023-05-23 18:08:38+00:00,307.8716324490606
2023-05-23 18:08:39+00:00,306.48716555910687
2023-05-23 18:08:40+00:00,306.3118423848214
2023-05-23 18:08:41+00:00,307.1953859196724
2023-05-23 18:08:42+00:00,308.898791775614
2023-05-23 18:08:43+00:00,310.59580286532037
2023-05-23 18:08:44+00:00,311.27178294611576
2023-05-23 18:08:45+00:00,310.825481552607
2023-05-23 18:08:46+00:00,309.5257453152717
2023-05-23 18:08:47+00:00,307.7623885258736
2023-05-23 18:08:48+00:00,306.462385839945
2023-05-23 18:08:49+00:00,306.459987802607
2023-05-23 18:08:50+00:00,307.6043845101417
2023-05-23 18:08:51+00:00,320.21672866640665
2023-05-23 18:08:52+00:00,321.872973121363
2023-05-23 18:08:53+00:00,322.3174093747198
2023-05-23 18:08:54+00:00,321.6664754616795
2023-05-23 18:08:55+00:00,320.19008380709283
2023-05-23 18:08:56+00:00,318.3939538407385
2023-05-23 18:08:57+00:00,317.4379362885534
2023-05-23 18:08:58+00:00,317.5876803978981
2023-05-23 18:08:59+00:00,318.99186448374394
2023-05-23 18:09:00+00:00,321.74694293680795
2023-05-23 18:09:01+00:00,322.0730760148108
2023-05-23 18:09:02+00:00,322.36590301867136
2023-05-23 18:09:03+00:00,321.80316358996015
2023-05-23 18:09:04+00:00,320.59162183695435
2023-05-23 18:09:05+00:00,318.7917615902961
2023-05-23 18:09:06+00:00,317.61246011706
2023-05-23 18:09:07+00:00,317.5253314271031
2023-05-23 18:09:08+00:00,318.4267270176947
2023-05-23 18:09:09+00:00,320.12880063067087
2023-05-23 18:09:10+00:00,321.80795966463666
2023-05-23 18:09:11+00:00,322.4575613347115
2023-05-23 18:09:12+00:00,321.9470458302558
2023-05-23 18:09:13+00:00,320.5828290333807
2023-05-23 18:09:14+00:00,318.7363402829228
2023-05-23 18:09:15+00:00,317.5005517079412
2023-05-23 18:09:16+00:00,317.6215193692269
2023-05-23 18:09:17+00:00,318.5045300068914
2023-05-23 18:09:18+00:00,320.06831680002824
2023-05-23 18:09:19+00:00,322.00459872637384
2023-05-23 18:09:20+00:00,322.5247063801826
2023-05-23 18:09:21+00:00,321.8814994763434
2023-05-23 18:09:22+00:00,320.5612466973366
2023-05-23 18:09:23+00:00,318.67026103182434
2023-05-23 18:09:24+00:00,317.5421176884711
2023-05-23 18:09:25+00:00,317.7067829190314
2023-05-23 18:09:26+00:00,318.7422021519719
2023-05-23 18:09:27+00:00,320.57563492136615
2023-05-23 18:09:28+00:00,322.212695077616
2023-05-23 18:09:29+00:00,322.52896955767255
2023-05-23 18:09:30+00:00,321.8860291024266
2023-05-23 18:09:31+00:00,320.346489131266
2023-05-23 18:09:32+00:00,318.68464925585386
2023-05-23 18:09:33+00:00,317.70598357325207
2023-05-23 18:09:34+00:00,317.77046413279186
2023-05-23 18:09:35+00:00,318.8088143002569
2023-05-23 18:09:36+00:00,320.61320417299885
2023-05-23 18:09:37+00:00,322.13302694826734
2023-05-23 18:09:38+00:00,322.6835097416938
2023-05-23 18:09:39+00:00,322.1692639569342
2023-05-23 18:09:40+00:00,320.83275781374596
2023-05-23 18:09:41+00:00,318.9372425221504
2023-05-23 18:09:42+00:00,317.78378656244877
2023-05-23 18:09:43+00:00,317.8685172150672
2023-05-23 18:09:44+00:00,319.13254934092174
2023-05-23 18:09:45+00:00,321.14237107897407
2023-05-23 18:09:46+00:00,322.4349132042944
2023-05-23 18:09:47+00:00,322.6070389954625
2023-05-23 18:09:48+00:00,321.8535223740637
2023-05-23 18:09:49+00:00,320.0787082951606
2023-05-23 18:09:50+00:00,318.31321991701725
2023-05-23 18:09:51+00:00,317.6761413308204
2023-05-23 18:09:52+00:00,318.22209449816364
2023-05-23 18:09:53+00:00,319.6891604519906
2023-05-23 18:09:54+00:00,321.5377807911932
2023-05-23 18:09:55+00:00,322.61290086451163
2023-05-23 18:09:56+00:00,322.56147628603594
2023-05-23 18:09:57+00:00,321.6198469578803
2023-05-23 18:09:58+00:00,319.8058649357854
2023-05-23 18:09:59+00:00,318.1653409478249
2023-05-23 18:10:00+00:00,317.97083347483294
2023-05-23 18:10:01+00:00,318.2769829083504
2023-05-23 18:10:02+00:00,319.82078605700144
2023-05-23 18:10:03+00:00,321.60785677118884
2023-05-23 18:10:04+00:00,322.628621331507
2023-05-23 18:10:05+00:00,322.5100517075598
2023-05-23 18:10:06+00:00,321.23482874079355
2023-05-23 18:10:07+00:00,319.44829092379223
2023-05-23 18:10:08+00:00,317.9780275868475
2023-05-23 18:10:09+00:00,317.7448850678502
2023-05-23 18:10:10+00:00,318.7035671059666
2023-05-23 18:10:11+00:00,320.2836072632849
2023-05-23 18:10:12+00:00,321.9854144276678
2023-05-23 18:10:13+00:00,322.78955628176345
2023-05-23 18:10:14+00:00,337.38214638224235
2023-05-23 18:10:15+00:00,335.89642902689593
2023-05-23 18:10:16+00:00,333.8612946724952
2023-05-23 18:10:17+00:00,332.57461441622354
2023-05-23 18:10:18+00:00,332.61191721926343
2023-05-23 18:10:19+00:00,333.8655578499852
2023-05-23 18:10:20+00:00,336.00567295008295
2023-05-23 18:10:21+00:00,337.77462515993693
2023-05-23 18:10:22+00:00,337.9811228196204
2023-05-23 18:10:23+00:00,336.89534480257635
2023-05-23 18:10:24+00:00,334.6193409199773
2023-05-23 18:10:25+00:00,332.85012226153003
2023-05-23 18:10:26+00:00,332.46483759585044
2023-05-23 18:10:27+00:00,333.412595241648
2023-05-23 18:10:28+00:00,335.78025744028673
2023-05-23 18:10:29+00:00,337.64086796618085
2023-05-23 18:10:30+00:00,338.0442711361943
2023-05-23 18:10:31+00:00,337.03709545412676
2023-05-23 18:10:32+00:00,334.92655614786736
2023-05-23 18:10:33+00:00,332.82774057970664
2023-05-23 18:10:34+00:00,332.5093345109044
2023-05-23 18:10:35+00:00,333.49199692240336
2023-05-23 18:10:36+00:00,335.481035670191
2023-05-23 18:10:37+00:00,337.58464731302865
2023-05-23 18:10:38+00:00,338.04373823900823
2023-05-23 18:10:39+00:00,337.14180975123054
2023-05-23 18:10:40+00:00,335.38671286821955
2023-05-23 18:10:41+00:00,333.2412687962592
2023-05-23 18:10:42+00:00,332.4976107728062
2023-05-23 18:10:43+00:00,333.11950178919415
2023-05-23 18:10:44+00:00,334.9049738118233
2023-05-23 18:10:45+00:00,337.08825358400964
2023-05-23 18:10:46+00:00,338.16124206858285
2023-05-23 18:10:47+00:00,2.861533115869861
2023-05-23 18:10:48+00:00,2.5841601304114192
2023-05-23 18:10:49+00:00,2.435215366846478
2023-05-23 18:10:50+00:00,2.5095545243320885
2023-05-23 18:10:51+00:00,2.3872546200814213
2023-05-23 18:10:52+00:00,2.3909849003853196
2023-05-23 18:10:53+00:00,2.396047423654636
2023-05-23 18:10:54+00:00,2.365405835443653
2023-05-23 18:10:55+00:00,2.345155742365023
2023-05-23 18:10:56+00:00,2.3603433121738817
2023-05-23 18:10:57+00:00,2.3824585454049156
2023-05-23 18:10:58+00:00,2.384856582742941
2023-05-23 18:10:59+00:00,2.3710012558995004
2023-05-23 18:11:00+00:00,2.3805934052525117
2023-05-23 18:11:01+00:00,2.414965273767848
2023-05-23 18:11:02+00:00,2.4232251801549864
2023-05-23 18:11:03+00:00,2.4125672364293678
2023-05-23 18:11:04+00:00,2.36194200373302
2023-05-23 18:11:05+00:00,2.7323055481970187
2023-05-23 18:11:06+00:00,2.3691361157475512
2023-05-23 18:11:07+00:00,2.364606489664311
2023-05-23 18:11:08+00:00,2.4093698533120005
2023-05-23 18:11:09+00:00,2.3931164891300796
2023-05-23 18:11:10+00:00,2.4146988251745825
2023-05-23 18:11:11+00:00,2.4152317223606588
2023-05-23 18:11:12+00:00,2.4048402272283056
2023-05-23 18:11:13+00:00,2.405106675821571
2023-05-23 18:11:14+00:00,2.4133665822087096
2023-05-23 18:11:15+00:00,2.4003106011450654
